"","bpid","team","paa"
"1","204","ANA",-3.25157907872039
"2","204","ANA",-0.00315766367401446
"3","639","CLE",-0.247574960197901
"4","1117","NYA",-2.45112456946608
"5","1184","SEA",-0.0240511831808031
"6","1449","OAK",-0.0449352064148055
"7","1449","WAS",-0.154152881925913
"8","31361","SLN",-0.549077088697439
"9","31391","SLN",-1.12393956213466
"10","31391","SLN",0.029829176483543
"11","31391","SLN",-0.00364648110133906
"12","31483","DET",-2.0393931213863
"13","31564","NYA",-0.619457652895488
"14","31564","SEA",-0.502338074429165
"15","31564","SEA",-0.0100917631239054
"16","31602","TEX",-0.0211948612697701
"17","31602","TEX",-0.776008337973958
"18","31607","CHA",-0.299500696366993
"19","31672","TEX",3.5640450771839
"20","31672","TEX",-3.25699290018937
"21","31734","ARI",4.36310047143824
"22","31734","HOU",1.42550217935108
"23","31789","NYN",-9.26430100115418
"24","31948","MIL",-0.720216463884504
"25","33829","HOU",1.66234087177371
"26","34484","NYN",-0.226341995140685
"27","34484","NYN",0.0931588836713387
"28","34706","HOU",-1.01830206774073
"29","34706","HOU",0.234645556608066
"30","34706","HOU",-1.22548666891957
"31","34706","HOU",0.164603065248913
"32","34706","HOU",-0.241669601347591
"33","36252","MIA",8.33060709503714
"34","36252","MIA",-0.0968187396558595
"35","36959","LAN",0.506718692694758
"36","37412","DET",-1.44440231972961
"37","37412","TOR",-0.681364764280502
"38","38161","SFN",0.663328550818817
"39","38161","TBA",-0.0758162384103501
"40","38551","PIT",1.9384868809203
"41","40263","PHI",0.745892119631016
"42","41774","NYN",0.0743144273372026
"43","45379","NYA",-0.211963257962955
"44","45379","OAK",-0.00911483606604481
"45","45379","OAK",-0.361072974835101
"46","45397","PIT",-1.90253098653526
"47","45397","PIT",-10.88084699433
"48","45398","TEX",5.95727927027686
"49","45398","WAS",0.342376969878487
"50","45398","WAS",-1.27447906953659
"51","45398","WAS",-0.261657858829094
"52","45435","ARI",-0.00349117062173613
"53","45435","ARI",-4.57880696891187
"54","45436","CIN",-0.987761021263621
"55","45437","WAS",3.08772318328089
"56","45437","WAS",1.57435012960528
"57","45437","WAS",-1.28391200591951
"58","45438","SDN",-0.00622747821266048
"59","45438","SDN",4.74839506749662
"60","45446","ATL",0.78617291152412
"61","45446","ATL",-10.5251808229478
"62","45447","LAN",-0.0463389292597364
"63","45447","LAN",2.18537817018378
"64","45447","LAN",0.321692085141041
"65","45449","ATL",1.21430610079141
"66","45464","BOS",-0.214688285704735
"67","45465","TEX",1.44073811096159
"68","45465","TEX",0.421418164365249
"69","45471","PHI",-0.00613939092432658
"70","45471","PHI",-0.00816015320911996
"71","45471","PHI",-0.188396321746497
"72","45471","PHI",-0.240648861624958
"73","45471","PHI",0.212331468858344
"74","45471","PHI",0.155277009422645
"75","45471","PHI",0.0693068255389244
"76","45471","PHI",-0.0842933377090212
"77","45487","CIN",11.990001889674
"78","45495","CHN",-0.00313488968448968
"79","45495","CHN",0.33121320399178
"80","45495","CHN",-0.00863427692744037
"81","45495","CHN",0.198351988420627
"82","45495","CHN",-0.63792888386106
"83","45514","CLE",-0.563821138364377
"84","45522","CIN",0.197553478038284
"85","45529","MIL",0.479823103981451
"86","45534","CHN",0.662424377429795
"87","45536","SEA",-0.872401627878193
"88","45548","CHN",-6.40049303528208
"89","45571","OAK",-1.09731202294986
"90","45578","WAS",-0.205141517782474
"91","45595","NYN",-0.915474501386435
"92","45595","PHI",0.645555466600917
"93","45612","KCA",-0.366449191111846
"94","45612","OAK",-0.299647534241052
"95","45613","HOU",-1.52247508297475
"96","45621","TEX",-0.321815642626843
"97","45623","WAS",1.1293291226254
"98","45844","ATL",-0.0869022283464604
"99","45844","ATL",-0.0632295623773916
"100","45844","PIT",0.729312660509935
"101","45844","PIT",-0.00230254075194943
"102","45945","COL",-0.0107967057711968
"103","45945","COL",-3.19181792114624
"104","45945","COL",-12.5418212177883
"105","46009","TOR",-0.107928848069716
"106","46084","NYA",-0.735006379578353
"107","46150","COL",-0.547926868419678
"108","46155","WAS",0.997199244387114
"109","46298","CHN",0.178840211779711
"110","46400","PHI",-1.15834656248329
"111","46400","PHI",0.33707407587816
"112","46630","WAS",-0.181101341775788
"113","46711","OAK",-0.299096486029901
"114","46719","CHN",-0.971483376862099
"115","46724","NYA",-0.227107721198091
"116","46755","SDN",2.78925346591097
"117","46761","ATL",-0.31051455108349
"118","46761","SEA",0.0120367624127456
"119","46827","ATL",-0.0513216531781975
"120","46827","WAS",-0.0291421855439453
"121","46943","CHN",0.223346822286033
"122","46980","TEX",2.3863629729484
"123","47078","ATL",-0.383521210046416
"124","47127","MIL",-10.1270558278469
"125","47127","MIL",-0.133657862836302
"126","47142","PHI",0.967503823002276
"127","47142","SEA",0.272436826058355
"128","47142","SEA",0.342991097468069
"129","47142","SEA",-1.08632670821294
"130","47155","COL",0.483869029747417
"131","47155","COL",0.0314678075273517
"132","47160","TOR",3.41361853486371
"133","47202","MIL",0.715991993309749
"134","47229","CLE",-0.816087045977715
"135","47243","CHN",0.0883241948022536
"136","47260","MIA",-0.0234036180710873
"137","47279","TEX",-0.0449845222992889
"138","47296","COL",-0.209387129484552
"139","47360","COL",-0.128762799631113
"140","47415","SFN",0.199538848202106
"141","47454","NYA",0.101152578021443
"142","47454","NYA",4.66618371015056
"143","47493","SLN",-4.40490342590287
"144","47493","SLN",2.05363547425014
"145","47621","NYN",0.436378684107587
"146","47621","NYN",-0.111536261997084
"147","47621","NYN",0.577852007676748
"148","47658","OAK",-0.253455275709704
"149","47678","CHN",-0.172781436128341
"150","47678","CHN",-0.347508715898689
"151","47678","CLE",2.62580096481909
"152","47678","CLE",0.192140940572175
"153","47690","OAK",-0.118981545502454
"154","47804","CIN",-0.541875888654092
"155","47850","MIL",-0.391071483074305
"156","47851","TOR",-0.0563527467757279
"157","47851","WAS",-0.916352743942816
"158","47952","ATL",-0.392654870020217
"159","47952","ATL",0.618402138386289
"160","47965","LAN",-1.15481511945932
"161","48082","CHN",0.112795855551031
"162","48082","HOU",-0.21723819663205
"163","48082","HOU",-0.0273016448732182
"164","48082","KCA",-0.421354079780577
"165","48219","COL",-0.241662398413736
"166","48258","TBA",-4.8729279594837
"167","48318","BOS",-0.00820342427534783
"168","48318","BOS",0.768158452249577
"169","48318","BOS",-1.04509368942584
"170","48318","BOS",0.0584427006004056
"171","48428","BOS",0.0503168239688918
"172","48428","BOS",-0.390688799877647
"173","48560","MIA",-0.0849692061982084
"174","48560","MIA",0.444860764046903
"175","48633","COL",-0.012352557047507
"176","48633","COL",-2.0979003896494
"177","48658","TBA",-0.296064993646065
"178","48674","TOR",1.28222430744262
"179","48685","MIL",0.0619327688359044
"180","48685","MIL",-0.00393670603830565
"181","48772","SFN",-2.33931319410187
"182","48772","SFN",0.0631607145250345
"183","48772","SFN",0.431981174147811
"184","48858","PHI",-0.0399580106134084
"185","48901","SFN",-0.00325546452083075
"186","48901","SFN",-0.234949129698521
"187","48901","SFN",-4.28497410008289
"188","48929","CLE",2.70279153998207
"189","49024","MIA",-2.58622276040431
"190","49024","MIA",-0.011201691179573
"191","49024","MIA",-3.19960658037297
"192","49076","WAS",0.385624301151194
"193","49107","DET",-0.0745130336627038
"194","49220","DET",0.336948358421258
"195","49264","HOU",-5.52597883858753
"196","49264","HOU",-0.561621995187466
"197","49543","MIA",-0.241114671728509
"198","49543","MIN",-0.178899846012289
"199","49617","SLN",0.396006961064561
"200","49706","SFN",-0.235019158734273
"201","49727","ANA",1.10077137518516
"202","49786","LAN",1.42648656881371
"203","49829","NYN",3.0781202998595
"204","49832","CHA",-2.03897466438727
"205","49890","SFN",2.30700419486459
"206","49890","SFN",-0.201040924488165
"207","49890","WAS",-0.00119371862130711
"208","49890","WAS",0.299193609921476
"209","49890","WAS",-0.00647015962707807
"210","49890","WAS",-0.000683274734677843
"211","49890","WAS",0.128177063102354
"212","49890","WAS",-0.713465016987891
"213","49890","WAS",0.942927840876624
"214","49925","BOS",-0.197295884640795
"215","49925","MIL",-0.431075064066632
"216","50054","ANA",0.0245386646847873
"217","50054","ANA",0.0279379055033638
"218","50054","ANA",0.121713653272257
"219","50058","OAK",-0.224590806032586
"220","50094","MIL",1.3144149727031
"221","50101","PIT",0.129901989038213
"222","50106","TBA",-16.5560369766163
"223","50131","LAN",0.385357734299271
"224","50131","LAN",0.0701134691351633
"225","50131","LAN",0.0629891817024327
"226","50131","LAN",-0.0638328927307515
"227","50131","LAN",-0.343459690259541
"228","50131","LAN",-0.0893678151083387
"229","50131","SEA",-0.000730818188839099
"230","50131","SEA",0.09234923699814
"231","50131","SEA",-0.0107793758267244
"232","50131","SEA",-0.0575322575066803
"233","50155","NYA",0.734835867999097
"234","50167","BAL",0.367367051383302
"235","50175","SFN",-3.60402188439559
"236","50199","ANA",-0.963961416511067
"237","50224","TEX",-0.0508192288660812
"238","50258","SLN",0.0470382612857799
"239","50297","ARI",-0.0234338301619457
"240","50297","ARI",-2.68086794799282
"241","50297","ARI",-0.273275528566239
"242","50312","COL",8.10686872040807
"243","50312","COL",0.102534274642441
"244","50538","KCA",-0.949790879857967
"245","50555","ATL",-0.0475243634163395
"246","50609","MIN",1.10802008225192
"247","50609","MIN",-0.309384870102758
"248","50609","MIN",4.11739815917622
"249","50609","MIN",0.190324937394454
"250","50609","MIN",0.821878369285872
"251","50609","MIN",-5.63362620783203
"252","50677","MIN",-0.0203350499482797
"253","50677","MIN",-0.440440692075919
"254","50677","MIN",0.674341498645226
"255","50677","MIN",-0.49582006039998
"256","50677","MIN",1.85121942267186
"257","50677","MIN",-0.00164086405716501
"258","50677","MIN",-0.897198073438036
"259","50704","MIN",-2.61731847459249
"260","50845","NYN",-5.28456082596916
"261","50866","NYN",-0.207129223790847
"262","50878","PHI",1.58413268784686
"263","50910","ARI",-0.175951475699094
"264","50910","ARI",0.291426086985352
"265","51032","HOU",1.64336633274134
"266","51059","CHN",-0.00923124142535558
"267","51110","LAN",-1.61468707821307
"268","51110","LAN",-0.00491986182126645
"269","51129","HOU",-0.260671236808007
"270","51184","BAL",-0.00642466904811908
"271","51184","BAL",-0.38150338211227
"272","51184","BAL",-0.00997732669933834
"273","51220","CIN",0.0381105992637538
"274","51354","COL",0.322048455838198
"275","51408","HOU",10.014673504549
"276","51408","HOU",-0.0553775949955263
"277","51408","HOU",-0.118838537771914
"278","51434","NYA",-0.365447834578653
"279","51557","SFN",-0.780533711992292
"280","51557","SFN",-7.48080366477521e-05
"281","51557","SFN",-0.07410358303627
"282","51557","SFN",0.61139690714571
"283","51574","MIL",-0.0125818547482295
"284","51594","ANA",0.02880345162758
"285","51611","MIA",-0.179770352934443
"286","51611","MIA",-0.0973338029869885
"287","51611","MIA",-4.10991147658947
"288","51645","CHN",1.94974993874731
"289","51653","ARI",1.71251838213223
"290","51653","ARI",-7.04090393097914
"291","51656","SLN",0.26288961681077
"292","51656","SLN",-2.41626441147742
"293","51804","PHI",-0.34225046628041
"294","51862","TEX",-0.37918246660053
"295","51885","BOS",0.045227665432726
"296","51885","BOS",0.19472349817272
"297","51885","BOS",-0.198250107776994
"298","51927","CIN",-0.0713146601525394
"299","51927","PHI",-0.0446066608249091
"300","51959","SEA",-2.24083011473892
"301","51962","MIN",0.216728989575716
"302","51962","PHI",-0.229587335173585
"303","51985","ANA",-3.0851074685076
"304","51988","NYA",0.64059480009788
"305","51988","NYA",-0.00491977414136159
"306","51988","NYA",0.722768174527375
"307","51990","CLE",-0.106480849842871
"308","51991","LAN",-0.00301384408043338
"309","51991","LAN",2.71137801427438
"310","52032","ATL",1.33357015525836
"311","52054","KCA",-0.0549941329984943
"312","52054","KCA",-3.93155888557341
"313","52231","ATL",0.0149324103898695
"314","52231","SFN",0.584918458741924
"315","52251","HOU",0.490282236671204
"316","52253","BAL",-0.00620790225678697
"317","52253","BAL",-4.50351867802538
"318","52253","BAL",-0.0791603972130005
"319","52260","ARI",15.2635859693406
"320","52296","CHA",-1.08692504128241
"321","52296","CHA",-4.64331645887935
"322","52416","MIA",-0.445145174632095
"323","52448","SFN",8.2263590053479
"324","52461","CHA",-0.36835447915362
"325","52532","ATL",-0.418104648658209
"326","52572","KCA",-0.195303413602359
"327","52691","PHI",4.4716524192576
"328","52804","COL",-8.10417347105227
"329","53014","NYA",-0.286670707066603
"330","53026","MIA",0.108975890869651
"331","53155","CHN",-0.737635940787776
"332","53253","WAS",-1.40287600945204
"333","53395","NYN",0.138201425100542
"334","53395","NYN",6.96542411831972
"335","53724","ARI",0.738414206254309
"336","54159","ATL",0.161656745017073
"337","54159","TEX",-0.509143960419226
"338","54187","CLE",2.71489272378952
"339","54694","BOS",-0.565611590942845
"340","55520","LAN",0.20052064086698
"341","55592","WAS",-0.0836678897100274
"342","55617","BOS",-0.120463322375253
"343","55701","BOS",0.15033504859192
"344","55725","CHN",0.810383396003717
"345","55735","CHA",-0.785706652419639
"346","55752","ANA",-0.0752147210500983
"347","55752","ANA",2.06136690487016
"348","55752","ANA",-0.851163386609907
"349","55773","ATL",-0.0205889612846023
"350","55773","ATL",-0.0145755416265101
"351","55773","ATL",-0.00656235149093931
"352","55773","ATL",0.139570342032118
"353","55773","ATL",0.391129818385574
"354","55773","ATL",-0.089167079446781
"355","55784","NYN",-0.123500888490203
"356","55784","TBA",-1.97548970914511
"357","55784","TBA",-0.810724193915919
"358","55831","CHN",-0.00974328078506477
"359","55831","CHN",-0.00225600226817231
"360","55831","CHN",3.50992662448251
"361","55831","CHN",-0.0631255180100223
"362","55842","KCA",-0.251737876705946
"363","55842","OAK",0.0351589228142767
"364","55877","HOU",-0.407256055224683
"365","55877","HOU",-0.0270290341819416
"366","55951","BOS",-0.921368490283938
"367","55951","BOS",-0.0276055067336161
"368","56034","PIT",-2.0454849771664
"369","56185","ATL",-1.10322131106731
"370","56196","KCA",-0.720148071579181
"371","56197","KCA",1.32698828651498
"372","56278","NYN",-0.539455302052718
"373","56278","TBA",-0.204006073387047
"374","56278","TOR",0.458698956091876
"375","56289","ATL",-3.48228185920821
"376","56333","NYA",-0.287321864555988
"377","56333","SEA",1.18124350805864
"378","56426","OAK",0.00506175797109857
"379","56444","PHI",-5.54665744250099
"380","56449","CHA",-1.06222308263683
"381","56468","CHN",0.0937678759978156
"382","56468","SFN",1.99567021982177
"383","56519","CHA",0.0390646391206348
"384","56533","TEX",1.03315812914258
"385","56609","HOU",-0.0470852132683659
"386","56609","HOU",-1.79622655805027
"387","56609","HOU",-0.0329444634838025
"388","56609","HOU",10.1581582922084
"389","56723","CLE",-0.0375874209409053
"390","56736","WAS",-0.0991343728303686
"391","56736","WAS",-0.0282337351898838
"392","56736","WAS",0.172569820752571
"393","56736","WAS",-0.0074993754324317
"394","56736","WAS",-0.0156290084265576
"395","56742","CHA",0.852154150821503
"396","56742","NYN",-0.160167847574944
"397","56753","WAS",-0.0711779188330854
"398","56761","PHI",-5.37948439774598
"399","56850","NYN",-0.191674081627589
"400","56850","NYN",0.230660670973687
"401","56850","NYN",-0.0338363823909177
"402","56945","SFN",1.70708553591987
"403","56945","SFN",0.0265285071823964
"404","56945","SFN",0.21126893241339
"405","56949","BOS",-0.828475764922652
"406","56957","SFN",1.37302811519456
"407","56987","BOS",0.0702852186038618
"408","57000","PHI",0.258322399432294
"409","57047","CLE",-0.121311731702067
"410","57086","HOU",-1.24950304905808
"411","57163","DET",-1.15898419627651
"412","57191","ANA",-1.68150061973958
"413","57191","ANA",0.00354137678624062
"414","57191","CHN",0.883537400061891
"415","57191","CHN",0.0128285272586843
"416","57235","PHI",-0.0870227852206389
"417","57268","PHI",0.0407253820481025
"418","57268","PHI",-0.170314913958518
"419","57268","SDN",-0.030171231012434
"420","57278","MIA",-10.2751392203326
"421","57278","MIA",0.800517450001796
"422","57278","MIA",-0.144826881009098
"423","57286","OAK",-2.20857455639318
"424","57302","CIN",-0.0417815225223643
"425","57302","CIN",-0.551856541962757
"426","57302","TOR",-0.180445750894195
"427","57302","TOR",-0.642952935012096
"428","57320","OAK",0.0153940401918997
"429","57396","CHN",-2.01276743274416
"430","57396","CHN",-11.2611392301562
"431","57403","PHI",-0.0480973571724016
"432","57424","CLE",-0.159236600158426
"433","57473","DET",0.317793222434067
"434","57476","BOS",6.44240840257901
"435","57478","MIL",-2.55736265318409
"436","57478","MIL",-2.11751138044695
"437","57514","CHN",4.01001525299628
"438","57520","NYA",-0.012245869861939
"439","57520","NYA",-1.58519195708001
"440","57552","TBA",2.17251543573701
"441","57552","TOR",1.17315815833631
"442","57552","TOR",0.451645267554939
"443","57552","TOR",-0.308892261894729
"444","57552","TOR",-0.17295187813511
"445","57552","TOR",0.551443304881219
"446","57556","NYA",-0.814262211084865
"447","57556","NYA",-0.0785428065545023
"448","57557","SEA",-0.0243724815037624
"449","57557","WAS",-0.435226882351115
"450","57679","CHN",0.0264230509222253
"451","57701","CHA",-1.55049028958928
"452","57708","ARI",-0.195149530206113
"453","57712","SLN",0.0278222982387572
"454","57743","SFN",-0.516342385166247
"455","57745","BOS",2.64752003208323
"456","57758","SFN",-1.78353820070246
"457","57806","TBA",-0.708926309120131
"458","57819","PIT",-0.00381159906457817
"459","57819","PIT",-0.195315026985672
"460","57819","PIT",-0.134105652441213
"461","57819","PIT",0.0618411466608119
"462","57820","BOS",0.52308595925857
"463","57843","CLE",0.109189351489838
"464","57843","CLE",-0.174604610690527
"465","57850","ARI",0.445381527737582
"466","57850","ARI",-2.7805835400992
"467","57860","ANA",-0.0248282139623083
"468","57873","MIA",-0.0216651183656358
"469","57873","MIA",1.02860612965802
"470","57873","MIA",0.153150699783771
"471","57884","CHA",-0.0476326915040591
"472","57884","CHA",-0.0297117755767018
"473","57884","CHA",-1.52364296454449
"474","57884","CHA",-0.883549279071696
"475","57884","CHA",-10.2820826311687
"476","57884","CHA",-4.44489827213362
"477","57919","OAK",9.05607427313566
"478","57919","OAK",0.160924654111344
"479","57919","OAK",-0.112339879887808
"480","57938","CLE",-1.0776127615321
"481","57948","DET",-0.300010467979278
"482","57951","DET",2.82068139954744
"483","57967","NYA",-6.58703095494488
"484","57969","NYA",0.225605085095495
"485","57988","SDN",-2.06745035012238
"486","57996","TOR",0.695458431112044
"487","57996","WAS",-0.243447816910684
"488","58012","CHA",-0.564348742650748
"489","58012","COL",-0.775598094939715
"490","58044","CHA",-1.54196933317652
"491","58057","DET",0.163359125436771
"492","58057","DET",-0.353845203928476
"493","58057","DET",-0.188057059873203
"494","58057","DET",-0.425357317004227
"495","58058","SEA",-0.539746159996404
"496","58058","SEA",-0.213422304317311
"497","58058","SEA",-0.270161594630362
"498","58058","SEA",-0.966754713061966
"499","58058","SEA",-1.71852559399936
"500","58075","BAL",-0.338605781515862
"501","58082","TOR",-0.278323601012298
"502","58089","CHN",0.902924507391279
"503","58089","NYN",-0.326657392819973
"504","58136","BAL",-0.468342177474109
"505","58136","BOS",1.18217620618533
"506","58217","TEX",-0.0124037125940624
"507","58217","TEX",-0.659104504883486
"508","58241","CHN",1.2538523159681
"509","58260","WAS",-0.0697947464898943
"510","58268","CHN",-0.0781021165757806
"511","58268","TOR",-0.246689494693432
"512","58281","SFN",-0.757963703644649
"513","58289","PHI",-0.181349386340894
"514","58289","SFN",-0.263014890252129
"515","58309","MIL",0.277174449585746
"516","58318","WAS",0.0418534877005617
"517","58329","OAK",-1.68339835222183
"518","58329","OAK",-0.0226390468963068
"519","58329","PIT",-0.0124911683377179
"520","58329","PIT",0.0424625561281133
"521","58329","SFN",-0.0245740519265637
"522","58329","SFN",0.0798817289283592
"523","58350","CHN",-0.160552952575213
"524","58373","CIN",0.12043503030526
"525","58407","MIL",-1.04743602109699
"526","58407","PIT",-0.0384715828341316
"527","58410","TEX",-4.50135000475613
"528","58415","MIN",0.158927018814886
"529","58415","SEA",-0.2859800502124
"530","58436","ARI",2.23335733189443
"531","58441","HOU",0.0998514547209358
"532","58450","DET",-0.206047224397196
"533","58450","DET",1.53046230503919
"534","58450","DET",0.0224736851845341
"535","58450","DET",-0.196653644560463
"536","58453","HOU",-1.14129058949909
"537","58459","SEA",1.01882199370948
"538","58507","MIN",-3.05524616107983
"539","58533","MIN",0.465378680629838
"540","58548","SFN",0.962903476689472
"541","58548","SFN",-0.0733069983870869
"542","58552","HOU",0.647666540265146
"543","58559","ANA",0.852956009242287
"544","58559","MIA",3.97004985493463
"545","58559","MIA",0.514030626859957
"546","58568","CLE",-0.224526152460309
"547","58568","TOR",0.0699433101199779
"548","58617","DET",0.764534428021872
"549","58661","COL",-0.3845130372424
"550","58667","TOR",0.528857856877566
"551","58670","PIT",-0.00955302285818403
"552","58670","PIT",0.383270992016114
"553","58670","PIT",-0.118376225568009
"554","58670","PIT",0.145077270904354
"555","58692","TOR",-7.31594832470167
"556","58731","ATL",3.73744787443317
"557","58767","BOS",-0.922049956871051
"558","58767","BOS",0.042710141782034
"559","58767","BOS",-0.0123102696788432
"560","58767","BOS",-0.0815386096098261
"561","58768","SFN",-0.0618848546392373
"562","58775","ATL",-0.0197833116955479
"563","58787","CHN",0.369030947970814
"564","58809","NYA",-7.30546750703666
"565","58823","SEA",0.474091461876481
"566","58831","MIN",-0.00249807587933994
"567","58842","ARI",-0.00959762236574383
"568","58842","ARI",-0.0115529011042507
"569","58857","CHN",0.552707480571057
"570","58857","KCA",0.931418175232589
"571","58880","SEA",1.37517425184741
"572","58880","SEA",-0.0450761528830594
"573","58899","ARI",-0.0187438520574199
"574","58899","ARI",-0.807444020486055
"575","58905","NYN",-0.187934515232675
"576","58911","MIN",-0.798382194980659
"577","58915","TEX",-1.60940805197426
"578","58915","TEX",0.532428035690523
"579","58915","TEX",3.06814111346202
"580","58915","TEX",-0.190064672902272
"581","58921","CIN",-0.868449510071134
"582","58921","OAK",-0.132097198473665
"583","59012","BOS",0.136671505338898
"584","59016","TBA",0.532735406973545
"585","59016","TBA",-4.33774060609648
"586","59021","MIL",-0.0205913599749983
"587","59021","MIL",-0.0446615833569615
"588","59021","MIL",2.44895493564746
"589","59021","MIL",0.250016608117828
"590","59021","MIL",-2.21069543566746
"591","59021","MIL",-0.0357985225390602
"592","59021","MIL",0.414412923072095
"593","59112","ATL",3.55411664777969
"594","59145","SLN",-13.5232005881309
"595","59179","NYN",0.374370962178028
"596","59239","SDN",0.313125694070539
"597","59265","OAK",-0.298508879129546
"598","59266","TEX",1.33690575887341
"599","59275","BOS",-0.162114830655407
"600","59275","BOS",0.450758017989313
"601","59304","MIL",0.945788681167463
"602","59307","SLN",-7.43952852103872
"603","59339","NYA",0.534778358659745
"604","59339","NYA",5.23772780942552
"605","59339","NYA",0.821456772952955
"606","59346","MIL",-0.723641086037489
"607","59346","MIL",-0.446503390864023
"608","59351","LAN",1.2098764092027
"609","59407","ANA",0.961719756503253
"610","59431","ANA",0.168257085801963
"611","59431","HOU",-0.0013133398884314
"612","59431","HOU",-0.265509680632583
"613","59431","HOU",-0.0213396024790042
"614","59432","ANA",1.51699065666363
"615","59467","CLE",-0.390568295306975
"616","59473","NYA",-0.243626000102225
"617","59541","TBA",-0.391194465820046
"618","59582","WAS",-0.231918638370698
"619","59584","NYN",0.0847789623839652
"620","59584","NYN",0.357483368866998
"621","59584","NYN",-0.0430947919736388
"622","59584","PHI",-0.00595295392624185
"623","59584","PHI",0.00558105870621069
"624","59584","PHI",0.18513999218012
"625","59584","PHI",0.138309435202541
"626","59586","COL",15.6957756970241
"627","59592","CIN",1.20156574869582
"628","59592","CIN",0.0205282489494922
"629","59593","PIT",-0.0188648159966332
"630","59603","ANA",-0.865953773800177
"631","59626","WAS",3.37920040394351
"632","59639","OAK",-1.48831369405967
"633","59653","NYA",0.980488041158939
"634","59654","ATL",-2.26317623614499
"635","59654","KCA",-2.57185318779873
"636","59660","LAN",-0.0831157059868838
"637","59660","LAN",0.974980129982831
"638","59660","LAN",-0.0695665888734146
"639","59660","LAN",0.301606092402803
"640","59660","LAN",0.347094051982987
"641","59660","LAN",-2.46729684376401
"642","59660","LAN",1.52542591903947
"643","59664","BOS",0.50608659020581
"644","59664","BOS",5.12697745310213
"645","59664","BOS",-0.206101205287033
"646","59664","BOS",0.800444357960855
"647","59664","BOS",-0.00594520515985531
"648","59664","BOS",0.195368781000148
"649","59688","BAL",4.05973745021881
"650","59688","BAL",1.75859721997768
"651","59705","ATL",-0.0131837418953725
"652","59705","ATL",0.283687958066671
"653","59705","ATL",-0.168915990065931
"654","59755","SFN",-0.398755256730849
"655","59755","SFN",0.202194523432566
"656","59768","TEX",0.873000594103065
"657","59768","TEX",1.2935844794342
"658","59768","TEX",0.299505328524038
"659","59768","TEX",-0.463597998041342
"660","59768","TEX",-0.684659141875548
"661","59768","TEX",-0.39691455653286
"662","59768","TEX",0.646541044742136
"663","59871","MIL",1.19997375368343
"664","59871","MIL",-0.0215913417466646
"665","59871","TBA",-0.0628365221678624
"666","59872","DET",-0.295307607948466
"667","59978","DET",0.39783208243052
"668","59978","MIN",-0.0125451287604028
"669","60002","OAK",-0.312856767401051
"670","60002","OAK",-0.121241081231257
"671","60007","CLE",-1.5093804081466
"672","60016","COL",-0.297650478172726
"673","60031","COL",-0.0200892589983131
"674","60047","BOS",1.54640395097859
"675","60051","MIL",0.215868787384357
"676","60094","COL",0.388418970847327
"677","60095","ARI",2.2581567861506
"678","60095","ARI",-0.618853177995939
"679","60095","ARI",0.331435643098074
"680","60095","ARI",0.0257377989411252
"681","60095","ARI",-0.00457907023738444
"682","60107","TOR",0.469213857890556
"683","60144","CHA",-0.00567093821086467
"684","60144","CHA",-0.686871130612883
"685","60144","CHA",-0.145211819598983
"686","60144","CHA",-0.0149117789270862
"687","60144","CHA",-0.398917782749255
"688","60187","SLN",-0.226697042242355
"689","60187","SLN",-10.2616235018034
"690","60219","WAS",-0.00880633110979578
"691","60219","WAS",-8.19626291123873
"692","60238","ANA",-0.568838452154297
"693","60238","ANA",-0.00283401402525492
"694","60238","OAK",0.071678078063695
"695","60317","CHA",-0.295054935516878
"696","60408","TOR",-8.86989312304146
"697","60408","TOR",-4.52587155209576
"698","60423","SEA",-2.46690298510373
"699","60423","SEA",-2.82750095685697
"700","60448","ATL",3.61471254421508
"701","60509","LAN",-0.0299950046539473
"702","60509","SEA",0.19697750987042
"703","60509","TOR",-0.0095041280001148
"704","60619","SDN",0.185302653221067
"705","60625","SLN",4.44350279053024
"706","60626","TEX",-1.25224924246688
"707","60633","ARI",0.0611765619354294
"708","60633","ARI",0.0772248829685147
"709","60633","ATL",-0.000600593501529238
"710","60635","SDN",-0.417585180354284
"711","60635","SDN",-0.0172108643714013
"712","60635","SDN",2.27230730307752
"713","60635","SDN",-0.00930485321962015
"714","60635","SDN",0.164018199373132
"715","60649","OAK",-2.72165078276896
"716","60652","NYN",0.172915716285038
"717","60655","SDN",0.0118059929263145
"718","60664","DET",0.022846711639397
"719","60664","WAS",-0.0924459617990331
"720","60672","SEA",1.79349506089467
"721","60740","SDN",0.747600377608528
"722","60759","SDN",-0.00101029521009655
"723","60787","LAN",2.1931405627375
"724","60831","BAL",8.5591931018754
"725","60831","NYN",0.749271911816491
"726","60831","NYN",0.727226386006624
"727","60831","NYN",0.308008073693009
"728","60831","SEA",-0.00404747621798018
"729","60831","SEA",-1.54459540105707
"730","60831","SEA",-0.161161953329922
"731","60834","WAS",-0.445285103617749
"732","60834","WAS",-0.000761753055243703
"733","60884","MIA",0.00512989177791952
"734","60907","ATL",0.306791821390994
"735","60907","DET",-0.0734341346400197
"736","60921","BAL",0.117424596963913
"737","60931","BOS",0.100957606117471
"738","60931","BOS",-0.016731048754342
"739","60931","BOS",0.588782313913858
"740","60931","KCA",-0.0290522970003653
"741","60931","KCA",-1.87941094469757
"742","60931","KCA",0.948619878660741
"743","60931","KCA",-0.0475478802929987
"744","60931","KCA",-0.0280623489512196
"745","60931","KCA",-0.441813137190069
"746","60931","KCA",0.240522355181536
"747","60932","LAN",-0.0249903862188085
"748","60932","LAN",-11.8697443079099
"749","60956","NYA",0.072215218200135
"750","60956","NYA",7.10630228770548
"751","60956","NYA",0.0551119342865208
"752","61000","ANA",-0.317878701227029
"753","61025","SDN",0.0246619191909077
"754","61044","CIN",4.76862252024398
"755","61051","ARI",0.239800924965265
"756","61051","SEA",2.10076351164104
"757","61056","WAS",2.33392436186785
"758","65751","BOS",-1.29077159099036
"759","65767","SFN",8.69621461378619
"760","65767","SFN",-0.190302400346766
"761","65767","SFN",-0.0152048171044346
"762","65801","MIN",-2.05522746130172
"763","65809","KCA",-0.61180826892804
"764","65816","CLE",0.0824101976680009
"765","65816","CLE",2.75881365153873
"766","65816","CLE",0.522166875406238
"767","65816","CLE",-0.560177939790152
"768","65816","CLE",0.428619732090904
"769","65828","LAN",-0.0519648325070621
"770","65829","WAS",-0.0555431354100986
"771","65830","MIL",-0.151933859923522
"772","65851","LAN",0.253887314120292
"773","65855","COL",1.45124170396718
"774","65863","CIN",0.0227587336788491
"775","65867","CIN",1.43256139799963
"776","65867","CIN",-1.89949343894551
"777","65867","CIN",-0.00809001992903094
"778","65867","CIN",-0.430006877011669
"779","65870","MIL",-1.70976329752661
"780","65870","MIL",-0.294260830953914
"781","65879","ARI",-2.87770005054475
"782","65895","MIL",-0.405530249773225
"783","65938","MIN",-0.412609713413259
"784","65938","MIN",-0.0181268882931189
"785","65947","COL",-0.369886322403704
"786","65957","HOU",-0.178945344824849
"787","65961","SDN",0.134289939142173
"788","65961","SFN",-2.10316398547699
"789","65961","SFN",-0.151371277417841
"790","65965","BAL",0.0867019971460705
"791","65977","DET",-0.00427764132063022
"792","65977","DET",0.359146765431878
"793","65980","CLE",0.26769966504738
"794","65980","PHI",1.14576712869196
"795","65980","PHI",0.0105722838598426
"796","65980","PHI",0.416490797904041
"797","65980","PHI",-0.0199631768564036
"798","65992","HOU",3.73111011640527
"799","65992","HOU",4.13743055301022
"800","66006","HOU",12.9054343477743
"801","66013","PHI",-0.055257810014825
"802","66017","COL",0.540602100213942
"803","66017","COL",-0.0101767478172874
"804","66017","COL",-0.00615750539312069
"805","66018","PHI",-5.80702281758241
"806","66057","PIT",3.09528677928828
"807","66064","PIT",0.430059162677707
"808","66068","SEA",1.35214728498303
"809","66068","SEA",-0.0315526678132879
"810","66085","MIN",-0.0785681262840195
"811","66085","MIN",-0.52388813106109
"812","66085","MIN",0.139991113402276
"813","66085","MIN",-1.293559102778
"814","66085","MIN",-0.149905439069893
"815","66085","MIN",0.1012789718061
"816","66110","CIN",-3.77886945727628
"817","66174","LAN",-0.762990688867825
"818","66213","NYN",-0.358863939557922
"819","66234","ANA",-1.26421172486867
"820","66245","PIT",1.62478443333038
"821","66263","PIT",2.22387894635008
"822","66263","PIT",1.32416121478883
"823","66263","PIT",-0.458501877447239
"824","66263","PIT",-0.141203131921759
"825","66267","TEX",-0.326618166712021
"826","66288","CHA",22.6489160163496
"827","66311","MIA",-0.683718790323387
"828","66336","ANA",0.301917711127335
"829","66339","NYA",0.562158441040817
"830","66391","MIN",-7.48305348697882
"831","66525","COL",-0.0155195962994022
"832","66535","SEA",-0.00868511408384018
"833","66539","CIN",-0.135560237113113
"834","66539","SFN",-1.10356560396003
"835","66543","BAL",-0.323084290436969
"836","66567","PIT",-0.264887022380012
"837","66567","SEA",-0.07456475350443
"838","66594","WAS",-2.96140045277097
"839","66594","WAS",-0.263415738437483
"840","66638","PHI",-0.364350494532702
"841","66638","PIT",1.84803239954368
"842","66650","BAL",0.165323544197095
"843","66662","MIL",0.186132054143195
"844","66662","MIL",-0.467841983994405
"845","66662","MIL",0.383089093000252
"846","66662","MIL",-0.0838610175573616
"847","66703","SFN",-0.0545321304965194
"848","66719","CHN",1.15043711295253
"849","66719","CHN",-0.00049577497092603
"850","66719","CHN",-0.0014673970870153
"851","66719","CHN",-0.0398003266596415
"852","66729","LAN",-0.0621679710043142
"853","66729","LAN",0.185982043133638
"854","66729","LAN",0.366125887747442
"855","66729","SLN",-0.00268945145470722
"856","66729","SLN",0.167482287016519
"857","66729","SLN",0.63696913755553
"858","66774","BOS",0.0392611369806882
"859","66810","ATL",-0.525158068826687
"860","66810","ATL",-0.174623296170316
"861","66810","ATL",-0.951814962095975
"862","66810","NYN",-0.436887284531873
"863","66810","NYN",-0.577371449742566
"864","66810","NYN",0.602062362667486
"865","66859","PHI",-0.085982644751838
"866","66883","MIN",0.0223488399865336
"867","66883","MIN",0.0131019464870374
"868","66883","MIN",-0.627416977851318
"869","66883","MIN",-0.00625449569847827
"870","66895","PIT",0.0851306939684445
"871","66895","PIT",0.518425194744225
"872","66895","PIT",-0.69983370408251
"873","66895","PIT",-0.125426723748022
"874","66895","PIT",0.803834577862775
"875","66907","NYA",1.355842638875
"876","66907","TOR",0.0175387567024342
"877","66907","TOR",0.105348906538761
"878","66907","TOR",-0.143153252735122
"879","66927","MIL",-0.138700536394427
"880","66927","MIN",-0.0593996294647549
"881","66927","SFN",-0.357108337169965
"882","66927","SFN",-0.935063736290163
"883","66927","SFN",0.0911330078573079
"884","66930","ANA",0.262454240573208
"885","66931","ATL",-0.152963092012586
"886","66931","SEA",-0.3435618941015
"887","66931","TEX",-0.042902366820716
"888","66940","MIA",-0.475347251516892
"889","66950","OAK",-1.0594758909216
"890","66950","OAK",1.38245448384878
"891","66950","OAK",-2.44650357322093
"892","66950","OAK",3.39799194558594
"893","66955","CHN",0.347952595485787
"894","66955","CHN",-0.905105856446722
"895","66955","DET",4.14182828680507
"896","66960","MIL",2.66885669844413
"897","66963","ANA",-0.16097720790051
"898","66963","ANA",-0.115710898063303
"899","66975","TEX",11.0421142019967
"900","66982","TOR",-1.51416999758546
"901","66982","TOR",-1.00117316362569
"902","66982","TOR",-1.58413808731168
"903","66982","TOR",0.163703534182539
"904","66982","TOR",0.182135081981439
"905","66982","TOR",-0.993208085846321
"906","66991","ATL",-1.77738608217536
"907","66995","MIL",-0.0605276389157168
"908","66995","MIL",1.11478696301675
"909","66995","MIL",0.237306850967755
"910","67002","DET",1.74404651568788
"911","67002","DET",-1.34166301330183
"912","67002","DET",-0.0468665300716758
"913","67002","DET",7.41769127443767
"914","67002","DET",-0.263428079115685
"915","67002","DET",-0.787704434386273
"916","67002","DET",0.778046260920858
"917","67011","BOS",-0.359920630786017
"918","67016","MIA",-0.00123978474336312
"919","67016","MIA",-0.454156724208712
"920","67028","NYA",0.824624099550516
"921","67031","PIT",-0.246889055025169
"922","67031","TOR",-0.103232994229156
"923","67034","LAN",-0.0354073304597503
"924","67034","LAN",-0.00128288348480978
"925","67034","TBA",2.58401071442528
"926","67034","TBA",-0.000298840360650019
"927","67049","SDN",-13.2730159130441
"928","67049","SDN",-5.79387868027542
"929","67072","LAN",-0.710183753841801
"930","67072","LAN",-0.319885334962641
"931","67072","LAN",-0.0106330216521147
"932","67072","LAN",0.707246262793418
"933","67082","SLN",-0.327241348294667
"934","67083","ARI",1.94998168548074
"935","67084","PHI",-0.835835219610416
"936","67084","PHI",-0.0216924699064934
"937","67093","MIA",0.0863297643422211
"938","67093","MIA",-0.0416247544262534
"939","67093","MIA",0.25165921953579
"940","67093","MIA",-0.773663640982841
"941","67093","MIA",0.070937261573675
"942","67093","MIA",-0.0118276053467016
"943","67094","SLN",0.00665533802523977
"944","67094","SLN",0.0226514244168866
"945","67098","MIN",-15.582864783276
"946","67098","MIN",0.194578276207655
"947","67098","MIN",-0.565890385861642
"948","67107","HOU",0.0446529060529125
"949","67107","TOR",1.98997972897062
"950","67118","SLN",-0.0161106229801153
"951","67119","ANA",10.3392912642092
"952","67132","NYN",-0.196012180690858
"953","67137","BOS",0.170793673080921
"954","67139","SEA",-0.340318669876212
"955","67143","PHI",1.09747732069145
"956","67143","PHI",0.023831786868854
"957","67148","ARI",-0.00611128242787411
"958","67152","BAL",-0.0837846589230083
"959","67152","BAL",-0.886245494264342
"960","67152","BAL",0.0181669379272554
"961","67154","BAL",-1.59958074129177
"962","67156","MIL",0.150797253831603
"963","67156","MIL",0.0190712953410253
"964","67156","MIL",-4.8692318476395
"965","67169","PIT",-0.107390952821156
"966","67172","PIT",-0.331623996948095
"967","67175","KCA",-0.0195527532767359
"968","67175","KCA",5.19121052048156
"969","67175","KCA",-0.171356913702552
"970","67175","KCA",1.36634346046032
"971","67175","KCA",-4.40698888080023
"972","67182","NYA",0.545460806956556
"973","67219","SLN",0.780850611813358
"974","67243","OAK",-2.40267190839149
"975","67248","BOS",-22.5318214781546
"976","67342","BOS",-1.099204289379
"977","67342","BOS",0.0525020774851825
"978","67347","KCA",0.113224478213705
"979","67347","KCA",0.190761537476951
"980","67355","PHI",0.435613033512541
"981","67418","BAL",-0.00606717839898421
"982","67418","BAL",-5.90896301997483
"983","67418","BAL",6.61305834086339
"984","67418","BAL",0.0189341541999021
"985","67418","BAL",0.119768877577736
"986","67422","TOR",-0.0198804242928509
"987","67422","TOR",0.17311704931565
"988","67422","TOR",0.438670831767384
"989","67451","BAL",-1.30098037127745
"990","67472","TOR",0.127180249877581
"991","67472","TOR",-0.653650797242529
"992","67472","TOR",-0.00412202391147253
"993","67472","TOR",0.187914365494965
"994","67560","WAS",-0.356274680554368
"995","67568","MIN",0.434942344491737
"996","67574","MIN",-0.0764439387346941
"997","67574","MIN",-3.58742094461163
"998","67588","BOS",1.77579767614257
"999","67604","CIN",-0.586211646584575
"1000","67604","SFN",0.0740352173002433
"1001","67626","MIA",-0.0296639873138835
"1002","67626","MIA",-0.00347014654188495
"1003","67626","MIA",0.110885630761543
"1004","67626","MIA",0.151894310454181
"1005","67626","MIA",-1.41804454026394
"1006","67626","MIA",-0.445250062141171
"1007","67641","MIA",-0.506418852460738
"1008","67656","HOU",-0.0527483864192832
"1009","67687","SFN",0.0890083382853627
"1010","67700","WAS",-0.0220770562700976
"1011","67700","WAS",-0.0770670388213313
"1012","67700","WAS",-1.19390491276364
"1013","67728","ANA",0.024331217579958
"1014","67728","ANA",2.03471374849882
"1015","67738","ATL",0.0313112200707384
"1016","67740","NYN",-0.554580560186986
"1017","67744","ATL",-0.181179846232508
"1018","67744","ATL",-0.0124072629809067
"1019","67746","WAS",-0.0429341953796146
"1020","67746","WAS",6.73328638410106
"1021","67754","SDN",-0.000312867836346445
"1022","67754","SDN",-0.663739325490225
"1023","67754","SDN",-0.557041470828029
"1024","67754","SDN",0.252616366596003
"1025","67754","SDN",-0.0329079551162452
"1026","67762","PHI",0.0248313578644578
"1027","67762","PHI",-0.514306104311276
"1028","67762","PHI",-0.11152942732432
"1029","67764","WAS",-1.48080900961731
"1030","67836","NYN",-0.00332983755466831
"1031","67864","CHN",1.45007136097869
"1032","67865","LAN",0.368430159270383
"1033","67865","TBA",0.455672560459383
"1034","67866","CIN",0.0630174094143077
"1035","67866","CIN",2.12723552497949
"1036","67866","CIN",0.019602810878118
"1037","67875","BOS",-0.500140072571226
"1038","67964","TBA",2.38703425496128
"1039","68062","MIA",2.07427039298882
"1040","68062","MIA",-0.00229341455585081
"1041","68066","OAK",-0.0036730573588484
"1042","68066","OAK",-14.8517443520893
"1043","68066","OAK",0.104742817985817
"1044","68071","CIN",-0.0165605650117096
"1045","68071","SEA",0.0880110542522503
"1046","68086","CLE",-0.0987682216652316
"1047","68087","NYA",-1.21215587062083
"1048","68089","KCA",-0.185773416728945
"1049","68089","KCA",-3.77099601628099
"1050","68091","MIN",-3.48112694498056
"1051","68091","MIN",4.9244587246568
"1052","68132","PIT",0.0168831141854978
"1053","68156","PHI",-0.0122673068470605
"1054","68156","PHI",-0.772458948818716
"1055","68178","CHN",-1.25853945857133
"1056","68178","CHN",-0.0939485280637359
"1057","68178","CHN",-0.0371135387567323
"1058","68192","TBA",-5.11687283844324
"1059","68234","COL",-0.00705542835310704
"1060","68302","BOS",-6.09077039497319
"1061","68302","BOS",-0.0613518217722016
"1062","68307","BOS",-1.42577900576025
"1063","68318","MIA",-0.00626692411727787
"1064","68318","MIA",-0.163204402769316
"1065","68318","MIA",-1.16693899181964
"1066","68319","DET",0.849849650013186
"1067","68320","ANA",-0.33854944644508
"1068","68372","MIN",0.121143801314224
"1069","68372","SFN",-0.186453986556772
"1070","68391","ANA",0.127662365101274
"1071","68404","MIL",-0.0461651091309318
"1072","68404","SFN",-0.543273900781838
"1073","68414","BOS",-0.23357001275423
"1074","68419","KCA",-0.0509252429933416
"1075","68438","NYA",0.0820854768113254
"1076","68438","PIT",0.0348132027662021
"1077","68444","CIN",1.57735601941804
"1078","68444","CIN",0.0900786101094607
"1079","68444","CIN",0.652389579109067
"1080","68444","CIN",0.0610983439027502
"1081","68467","NYA",-0.742926309882399
"1082","68471","MIL",0.0054596367717605
"1083","68471","SFN",-0.0604636490695109
"1084","68490","TOR",0.154733097796641
"1085","68494","ANA",-0.327085177784969
"1086","68518","SEA",0.358267294273499
"1087","68520","CHN",-0.215708775741138
"1088","68520","CHN",-12.1010562285784
"1089","68520","CHN",-0.150178888003218
"1090","68520","CHN",-1.18548922631008
"1091","68529","CHA",-2.26111391453945
"1092","68541","BAL",0.0598708079792222
"1093","68541","MIN",-0.0294889376143369
"1094","68557","ATL",-0.676742457145287
"1095","68557","CIN",-0.0380444110137741
"1096","68563","COL",1.0930656020118
"1097","68564","COL",-0.33739397255891
"1098","68565","NYA",-1.03691429908444
"1099","68592","ATL",-0.53735662004888
"1100","68600","DET",-5.27815375852319
"1101","68603","NYA",5.26482191033278
"1102","68643","CHA",0.705124331149401
"1103","68648","ANA",-0.344656045013743
"1104","68656","CLE",-2.70598053804741
"1105","68660","SDN",-0.568134340417533
"1106","68660","SDN",0.619817174885753
"1107","68660","SDN",2.65925496402282
"1108","68671","SEA",0.0713818944541485
"1109","68688","PHI",-0.312985073102381
"1110","68688","TEX",-0.183094677396621
"1111","68691","MIA",0.112554166337888
"1112","68691","TBA",-0.695818576519467
"1113","68692","LAN",0.0866501968304376
"1114","68692","TOR",-0.266421075392502
"1115","68694","PIT",-0.780817238180997
"1116","68717","CHN",0.546278000432665
"1117","68718","BAL",0.0757650389569482
"1118","68718","BAL",0.252705301085955
"1119","68718","BAL",-2.22727346908616
"1120","68718","BAL",-5.42703012463217
"1121","68718","BAL",0.124406520471084
"1122","68741","CLE",-0.00472931534359075
"1123","68759","SEA",2.83773627991127
"1124","68781","KCA",-0.00906290019527525
"1125","68790","CHA",-0.0812185524978637
"1126","68790","CHA",-2.32271045006362
"1127","68794","SLN",-0.324521594205371
"1128","68804","OAK",-1.53732207665778
"1129","68855","PHI",-0.177440004541369
"1130","68872","SFN",-0.481967021054158
"1131","68872","SFN",-0.157161695870333
"1132","68908","PHI",0.0563134654241749
"1133","68908","PHI",-0.072952112711946
"1134","68945","MIA",-1.76969243259917
"1135","68945","MIA",-0.608315406975341
"1136","68982","MIA",0.264436321814385
"1137","68990","ATL",-0.102008080626854
"1138","68994","DET",-0.559350033281392
"1139","68994","DET",1.77128109104326
"1140","68994","DET",0.12721626727357
"1141","68994","DET",-0.985187853637054
"1142","68994","DET",-0.0262889066890576
"1143","68997","HOU",-0.644989407446454
"1144","69038","CHA",0.0605556384959054
"1145","69095","DET",-0.181393693874701
"1146","69095","DET",-2.47813683606237
"1147","69095","DET",0.187208263953706
"1148","69095","DET",-0.0814793135800241
"1149","69095","DET",-0.812613998538534
"1150","69095","DET",-0.426329032865337
"1151","69095","DET",0.281089420683459
"1152","69123","BAL",0.380355663118759
"1153","69131","ANA",0.858671251607887
"1154","69156","ARI",1.76994924409696
"1155","69159","MIA",1.59365335803754
"1156","69159","MIA",-2.01154143544349
"1157","69159","MIA",0.0692620461579195
"1158","69159","MIA",0.0153367284736993
"1159","69159","MIA",-0.0564813272997433
"1160","69169","KCA",0.221964250837617
"1161","69172","CHN",2.44130199411747
"1162","69188","MIL",0.193290315734019
"1163","69188","MIL",-0.0297279500950055
"1164","69188","MIL",4.34138994659082
"1165","69270","TEX",-14.797290405008
"1166","69305","ANA",-0.0513571736405203
"1167","69305","ANA",-2.91088841332244
"1168","69305","ANA",-2.21764054226126
"1169","69306","WAS",-0.0349671836973487
"1170","69314","BAL",-1.24978956241679
"1171","69321","BAL",-1.8150266264516
"1172","69321","BAL",0.235808658937452
"1173","69321","BAL",-0.00609473405947967
"1174","69329","KCA",0.0812373977473206
"1175","69329","KCA",-0.143790141770967
"1176","69329","KCA",-0.00344282269867036
"1177","69329","KCA",-2.43148192204377
"1178","69338","DET",-0.0263944691662996
"1179","69338","DET",-0.782625561505146
"1180","69354","ANA",-0.0275708086725809
"1181","69377","TEX",-0.662098915887307
"1182","69410","CHN",0.178540054745229
"1183","69410","KCA",0.0845723850598602
"1184","69440","COL",-0.0335672209969444
"1185","69440","COL",-0.222827098158013
"1186","69440","COL",0.0795639322563997
"1187","69491","BAL",-0.0206942635542622
"1188","69491","CHA",-0.0124798067054197
"1189","69491","CHA",-0.0119348808848294
"1190","69491","CHA",0.51135265750394
"1191","69491","CHA",-0.338492815788857
"1192","69491","CHA",-0.0770425355807457
"1193","69491","CHA",-0.0122483305446239
"1194","69508","ARI",5.89800861103496
"1195","69513","LAN",-0.521012982393407
"1196","69513","LAN",0.135739202366965
"1197","69516","OAK",-0.0914920788331542
"1198","69523","BAL",-0.965559391926321
"1199","69523","OAK",-0.150051973032748
"1200","69538","KCA",0.463444880424463
"1201","69538","KCA",0.274704535653259
"1202","69538","KCA",-0.540377225463098
"1203","69545","MIL",-3.14594781785261
"1204","69552","CHA",-0.975235222187848
"1205","69553","OAK",-0.00335758473965672
"1206","69553","OAK",0.224863831863744
"1207","69553","SDN",1.98692096599269
"1208","69564","NYN",-1.85825466285737
"1209","69564","SFN",7.20863852003235
"1210","69575","CHA",-1.73780091614477
"1211","69578","MIL",0.613066702032579
"1212","69578","MIL",0.435178227424921
"1213","69578","MIL",-0.124584297701229
"1214","69578","MIL",0.127601952438867
"1215","69600","MIL",-0.212611041609309
"1216","69614","SDN",0.230193883842384
"1217","69615","COL",-0.480523701153204
"1218","69615","COL",-0.510453024465489
"1219","69615","COL",-0.484402803735542
"1220","69634","CIN",1.36002583018223
"1221","69637","TEX",0.282406122836398
"1222","69639","BAL",-0.156298288055986
"1223","69639","PIT",0.138616156233723
"1224","69644","ANA",0.343086558764835
"1225","69644","MIN",-0.0157921216431641
"1226","69644","SLN",-0.0571926368433838
"1227","69667","TOR",2.02493919623035
"1228","69667","TOR",2.31324799455351
"1229","69752","CIN",-0.00880839294117217
"1230","69752","CIN",0.918151866526793
"1231","69752","CIN",-0.100385436614672
"1232","69752","CIN",-0.693136952116949
"1233","69752","CIN",-0.432030654643001
"1234","69752","CIN",0.0982975776367612
"1235","69756","ARI",-0.0621649929848496
"1236","69788","MIA",0.76478486428829
"1237","69790","ARI",-5.05874822305968
"1238","69790","ARI",0.111270435837161
"1239","69790","ARI",-6.83591223925061
"1240","69801","BAL",-0.00361166058046882
"1241","69826","SFN",-0.89974105836442
"1242","69837","KCA",0.379519980555011
"1243","69837","MIL",0.0567926578070655
"1244","69839","SEA",0.120552164262749
"1245","69839","SEA",0.0843601414581333
"1246","69839","SEA",-0.0466009394940009
"1247","69854","BAL",0.958741516480932
"1248","69854","BAL",-0.0226347786092003
"1249","69854","BAL",2.91021920078625
"1250","69854","BAL",-0.0408398142295411
"1251","69938","OAK",-0.140688181798186
"1252","69938","TOR",-0.00428881434781412
"1253","69944","ANA",-1.28556481264723
"1254","69964","ANA",-0.231358892030761
"1255","70016","SEA",0.342661280901106
"1256","70044","MIN",-0.57449154219538
"1257","70069","NYN",0.24772695317207
"1258","70093","SFN",-11.0552611577099
"1259","70093","SFN",1.17499681140036
"1260","70093","TOR",0.320555074548901
"1261","70188","COL",-0.442936105144534
"1262","70217","CLE",1.13927091387396
"1263","70262","SLN",22.6976583440919
"1264","70271","TBA",0.830312746344419
"1265","70293","BAL",-0.548437555521254
"1266","70293","SEA",-0.0806997809154728
"1267","70297","DET",-0.321295602985368
"1268","70300","MIA",1.70949217053127
"1269","70301","MIN",7.34655941894914
"1270","70302","CHN",0.0802371089899318
"1271","70302","CHN",-0.0566812430276059
"1272","70302","CHN",-0.00249561285147549
"1273","70303","NYN",-0.348414115542454
"1274","70304","TOR",-1.41585933547919
"1275","70306","CIN",1.29826385492716
"1276","70307","DET",1.79935498985049
"1277","70307","DET",-1.91378255467858
"1278","70317","CHA",-2.75799506900142
"1279","70327","OAK",4.40980804382927
"1280","70335","CIN",-0.966552983219063
"1281","70335","CLE",0.254859627403572
"1282","70339","CHN",3.27681271277729
"1283","70343","BAL",0.0876537080276769
"1284","70343","BAL",0.0173551513243994
"1285","70343","BAL",-1.77672805620293
"1286","70354","TOR",-0.0600148342593461
"1287","70356","BAL",-0.510491815906262
"1288","70359","TOR",1.71319836010815
"1289","70360","MIA",0.031583128243122
"1290","70360","MIA",-0.122052036717833
"1291","70361","TBA",-0.0458072924853274
"1292","70362","CLE",2.78057199213817
"1293","70362","CLE",6.96113322872711
"1294","70371","NYN",1.42812360404661
"1295","70371","TOR",1.73581394587687
"1296","70376","ARI",-0.150206196407661
"1297","70378","CIN",0.443554897686931
"1298","70378","CIN",0.0314224445954921
"1299","70387","CHN",0.101518245221761
"1300","70387","CHN",4.38215053640548
"1301","70388","NYA",-0.195993172969595
"1302","70390","MIN",0.940193657145659
"1303","70390","MIN",-0.980591885392376
"1304","70390","MIN",0.827003481772863
"1305","70394","KCA",-0.406134290860932
"1306","70397","SDN",1.34900615726868
"1307","70397","SDN",-0.0442998561557859
"1308","70399","CLE",-7.4522096900832
"1309","70406","COL",0.145007868164797
"1310","70407","ARI",-0.00634340253340992
"1311","70407","ARI",-0.982323045791295
"1312","70407","ARI",0.340229677351624
"1313","70407","BOS",-0.0977404603872854
"1314","70407","BOS",-0.00113851577908731
"1315","70407","BOS",-0.0659750959028726
"1316","70408","SEA",-2.08926969539617
"1317","70429","KCA",-0.170647578916319
"1318","70430","BOS",2.7028114773656
"1319","70430","BOS",12.7745362992777
"1320","70431","ARI",-2.16184831754622
"1321","70432","SLN",1.03357209831888
"1322","70436","ARI",0.928378007356051
"1323","70437","CLE",0.467319571706024
"1324","70438","PIT",0.439281730933866
"1325","70455","PIT",0.0859959489651175
"1326","70455","SFN",-0.084293717481399
"1327","70464","KCA",0.911865534509886
"1328","70472","PHI",0.0010884519281427
"1329","70473","PIT",2.0462571839519
"1330","70477","TBA",0.158340869528654
"1331","70477","TBA",0.0372004391509303
"1332","70480","SFN",-0.0484998390967408
"1333","70480","SFN",-0.0576337100581759
"1334","70481","PHI",-0.0626164812358233
"1335","70481","PIT",0.0334299297663239
"1336","70482","SFN",-1.37832193126685
"1337","70485","WAS",1.55238156448907
"1338","70486","BAL",0.207150531965607
"1339","70486","SEA",-0.13538111370095
"1340","70493","CHA",-0.209725855568558
"1341","70493","CHA",1.70253749055959
"1342","70493","CHA",1.21576473969033
"1343","70497","SDN",-0.00859661105372549
"1344","70497","SEA",-0.0829528097971958
"1345","70498","BAL",-0.224086096310471
"1346","70498","SEA",-0.408703069764288
"1347","70509","SEA",-0.284414315319096
"1348","70509","WAS",-0.0249376758544298
"1349","70514","HOU",-0.444019248524732
"1350","70516","CLE",-0.0351502370242241
"1351","70524","NYN",1.816787162153
"1352","70524","NYN",1.70175522657817
"1353","70524","NYN",1.23749076224978
"1354","70547","MIL",-0.211354743840707
"1355","70547","TBA",0.0311529137597701
"1356","70551","NYN",0.732599924192831
"1357","70552","SLN",0.634234289197931
"1358","70607","HOU",3.63383965873801
"1359","70607","HOU",4.3877546073269
"1360","70610","ATL",5.92624491326704
"1361","70611","CHA",-0.692036264092902
"1362","70613","TEX",4.28218161668268
"1363","70613","TEX",-1.8007956287774
"1364","70619","ARI",-2.16068452975456
"1365","70619","ARI",-0.00774766434206004
"1366","70633","CHN",6.68050364025663
"1367","70633","CHN",-0.0115060560032642
"1368","70635","LAN",0.916255055940341
"1369","70636","CIN",-0.164765168971931
"1370","70641","SLN",-2.13763215862979
"1371","70645","PHI",-0.273738965143353
"1372","70645","PHI",0.00308221385850145
"1373","70646","CIN",0.627121645937757
"1374","70646","CIN",-0.490990934419577
"1375","70646","CIN",0.629575007346267
"1376","70673","SEA",-0.0226938254498996
"1377","70673","SEA",-0.297412600125152
"1378","70673","SEA",0.019953510088887
"1379","70752","CHN",0.0884593552148483
"1380","70753","BAL",-2.98678181436673
"1381","70754","KCA",-0.511352833480272
"1382","70754","KCA",1.6033067937905
"1383","70754","KCA",0.205736127944543
"1384","70755","WAS",-0.00156096623744903
"1385","70755","WAS",-2.27077602638653
"1386","70758","BOS",-0.740746692177115
"1387","70759","SFN",-0.179693792225655
"1388","70761","TEX",-0.565172483430415
"1389","70762","CIN",0.5131546489513
"1390","70764","ANA",-1.27928070894419
"1391","70764","ANA",-5.14691503445433
"1392","70764","ANA",2.29299939321987
"1393","70770","BAL",0.445469759535686
"1394","70775","PIT",-9.02525353982441
"1395","70776","PHI",-0.0612864118215483
"1396","70776","PHI",-1.46616560081076
"1397","70778","DET",-1.28150453525504
"1398","70781","ARI",-0.497047137938603
"1399","70781","ARI",-0.0159106044022771
"1400","70790","BOS",1.84696715213869
"1401","70795","TBA",-0.0107386464489652
"1402","70798","MIL",-0.849787424261025
"1403","70799","NYN",0.626554114532198
"1404","70799","NYN",-7.44474966136276
"1405","70802","CHA",-0.0045360638603433
"1406","70802","CHA",-0.271017601846997
"1407","70803","CIN",-0.94867598589877
"1408","70804","HOU",-1.00260339082302
"1409","70804","HOU",-0.0674023918588482
"1410","70804","TOR",0.550939341214918
"1411","70804","TOR",-0.0282997202734109
"1412","70804","TOR",-0.22254072686749
"1413","70811","MIL",0.22105874642366
"1414","70811","SFN",-0.00939710651734843
"1415","70814","NYA",-0.229462823743654
"1416","70822","PIT",2.52039499112462
"1417","70825","CHA",0.657198167572332
"1418","70826","LAN",0.960926260468949
"1419","70827","SFN",-0.670126758558507
"1420","70851","SEA",0.0195793432293376
"1421","70851","SEA",-4.51884335232142
"1422","70851","SEA",2.86523885085196
"1423","70860","CHN",0.388144966067698
"1424","70869","PIT",-0.0893798311112714
"1425","70881","KCA",0.264479323029656
"1426","70883","CHA",-0.501905448768626
"1427","70885","TEX",1.5132626359722
"1428","70913","ARI",0.529945659593703
"1429","70916","ANA",-0.00327426245081464
"1430","70917","WAS",3.93277821015237
"1431","70921","ANA",0.404602529825086
"1432","70926","SFN",-0.0307002442743608
"1433","70926","SFN",0.355062085743109
"1434","70928","MIA",4.89444736514394
"1435","70928","MIA",1.42080431537072
"1436","70943","PHI",2.77489611093024
"1437","70946","CIN",1.86921669225474
"1438","70950","CLE",0.114263232333986
"1439","70950","CLE",-0.190242494211119
"1440","70957","CIN",0.127084759504455
"1441","70964","WAS",0.646089229037191
"1442","70966","PIT",-0.0866710033123348
"1443","70970","PIT",-0.0248615690984867
"1444","70970","PIT",-0.771802053915381
"1445","70970","PIT",-0.157832295412939
"1446","70972","CHA",-0.00620919737376866
"1447","70972","CHA",0.405184908400144
"1448","70977","MIL",0.0420549875401574
"1449","70982","CLE",0.0706589613020656
"1450","70982","MIA",-0.059900099663731
"1451","70988","HOU",-0.31180984773031
"1452","70988","TOR",0.543144671406548
"1453","71000","NYN",-0.12967857529883
"1454","71016","PIT",0.00871774929578985
"1455","71017","KCA",-1.16905462510915
"1456","71042","ANA",0.0848447245210339
"1457","71054","SEA",0.122635277258305
"1458","71054","SEA",2.91846239373571
"1459","71054","SEA",0.672995180004618
"1460","71054","SEA",-0.0726486896585498
"1461","71054","SEA",-0.00796735573139288
"1462","71054","SEA",-0.0943124110821184
"1463","71057","CHA",1.95335597812089
"1464","71071","TBA",-0.0682253008044229
"1465","71094","HOU",-0.306736570491575
"1466","71098","COL",-0.188138028287549
"1467","71129","CIN",-0.0392511293754503
"1468","71129","CIN",-0.0607569596749637
"1469","71129","CIN",-0.0367473494985747
"1470","71157","SEA",0.110660906984867
"1471","71175","BOS",-0.0264616891638793
"1472","71175","BOS",0.458339421208999
"1473","71175","BOS",0.0166013774568651
"1474","71177","SFN",0.112840292706659
"1475","71177","WAS",-0.0432030820146891
"1476","71189","BAL",-0.109428483541447
"1477","71213","PIT",-0.00643729090255697
"1478","71213","PIT",1.38240498076516
"1479","71245","SFN",-0.0659430604263484
"1480","71245","SFN",-0.0097450567431116
"1481","71245","SFN",-0.143666401809113
"1482","71245","SFN",1.73553235810604
"1483","71291","SEA",2.24918596307286
"1484","71291","SEA",0.0162285598017315
"1485","71291","SFN",-0.594085751656339
"1486","71291","SFN",-0.0479416116880373
"1487","71295","BAL",-0.978394550562027
"1488","71328","LAN",0.620562145101321
"1489","71328","LAN",-0.823222325770407
"1490","71328","LAN",1.2103909371578
"1491","71328","LAN",-0.0626552388867412
"1492","71331","COL",0.223906831936856
"1493","71343","CHN",0.228631753398134
"1494","71343","SDN",-0.0250358734093519
"1495","71344","SLN",-0.245725595728986
"1496","71383","KCA",-0.00948173094341958
"1497","99821","NYN",1.75435136732906
"1498","99823","NYA",-0.0371662107540186
"1499","99833","SFN",-0.0399825299648058
"1500","99842","ANA",-1.23650140640215
"1501","99857","LAN",-0.642142127877857
"1502","99874","ANA",-0.543167845429028
"1503","99903","TBA",-1.84401245227684
"1504","99914","SEA",2.18639968405331
"1505","99914","SEA",5.47005063058118
"1506","99919","NYA",-4.80872128455849
"1507","99949","SEA",0.0493843184974448
"1508","99953","SFN",1.13963290370596
"1509","99953","SFN",-0.117333465951524
"1510","99953","SFN",2.08479986423562
"1511","99954","MIN",0.961497084051795
"1512","99961","ARI",-0.313976346158784
"1513","99963","ARI",-0.823581145028768
"1514","99963","ARI",-1.20909034477781
"1515","99984","HOU",-0.0565716684873559
"1516","99992","MIN",0.100431461321984
"1517","99992","PHI",-0.563872365778228
"1518","99999","COL",0.399940661326627
"1519","100007","LAN",4.92916168968731
"1520","100007","LAN",-0.441669589849144
"1521","100007","LAN",4.77186785709245
"1522","100036","TOR",-0.00924844368386096
"1523","100036","TOR",1.06031537661192
"1524","100059","OAK",-1.06891402085257
"1525","100067","DET",-0.0940583788543572
"1526","100110","NYA",0.0843412255337188
"1527","100121","ARI",14.638266051759
"1528","100137","ARI",-1.15560095487226
"1529","100137","TOR",0.135483980479296
"1530","100152","TOR",-0.0655681048049025
"1531","100152","TOR",0.0543211183239872
"1532","100152","TOR",0.223824040969301
"1533","100171","CIN",-0.0157507484956331
"1534","100171","CIN",-0.200150468210835
"1535","100171","CIN",-0.285022381648853
"1536","100171","CIN",-1.70029955029351
"1537","100171","CIN",-0.482506731078892
"1538","100171","CIN",-0.0094881030880122
"1539","100182","BAL",0.871591841864782
"1540","100182","BAL",0.958665547806583
"1541","100182","BAL",-0.45113629623554
"1542","100182","SFN",0.912758513181589
"1543","100182","SFN",-0.0100226636874313
"1544","100188","DET",0.717095115169494
"1545","100191","CLE",-0.338382132455235
"1546","100206","PIT",0.0608872410027146
"1547","100243","OAK",-0.262359733662833
"1548","100246","SLN",-0.421529874525937
"1549","100260","MIN",-0.0124299428482049
"1550","100261","CHA",1.63586943307764
"1551","100262","SFN",-0.469844539665579
"1552","100271","DET",-2.02374318863495
"1553","100273","COL",-0.510226066570941
"1554","100279","TEX",-4.99826257732885
"1555","100281","TEX",7.38538711244722
"1556","100288","LAN",-0.346177439839619
"1557","100292","MIN",1.03887464958163
"1558","100300","SDN",-0.0133348719794512
"1559","100300","SDN",0.0504761453758324
"1560","100300","SDN",0.0952760919388949
"1561","100305","SLN",0.463949734155844
"1562","100316","CLE",-0.0173748095891636
"1563","100316","CLE",-0.669419218152853
"1564","100316","CLE",0.0221846276737123
"1565","100321","CLE",-1.39173860519456
"1566","100322","MIA",-0.173411211634381
"1567","100323","ANA",-0.0347899813732293
"1568","100323","PIT",1.90496923705869
"1569","100324","MIL",0.296512590264486
"1570","100344","KCA",8.95981591921887
"1571","100349","NYA",0.00743387924107953
"1572","100368","BAL",1.54743498087419
"1573","100392","SEA",-0.162846164499797
"1574","100392","WAS",-0.00118795520518483
"1575","100404","SDN",-0.0233958717364849
"1576","100404","SDN",-0.182291191953349
"1577","100406","CLE",0.0320811230429795
"1578","100406","SDN",3.9154921473275
"1579","100408","CHA",0.0909192871592157
"1580","100472","TBA",0.0865936774781831
"1581","100488","TBA",-0.00620268558027622
"1582","100488","TBA",0.0530848816032287
"1583","100488","TBA",0.167682367771652
"1584","100488","TBA",1.01205018827677
"1585","100490","SEA",0.0610017751466913
"1586","100490","SEA",-0.0623754023423278
"1587","100490","SEA",-0.196058890943048
"1588","100496","LAN",-2.36215897740407
"1589","100496","LAN",0.399083613947166
"1590","100496","LAN",-3.46802984323326
"1591","100496","LAN",2.80097268852438
"1592","100496","LAN",1.20824193508497
"1593","100496","LAN",-0.0870711333429465
"1594","100502","HOU",-2.90985455039154
"1595","100510","NYA",0.0791846585540866
"1596","100518","PHI",0.221655542960414
"1597","100519","OAK",0.414880831598008
"1598","100525","NYN",0.129610985394657
"1599","100526","ANA",-0.0464444123666982
"1600","100544","CIN",1.3261543190339
"1601","100555","CHN",0.0183012341593731
"1602","100568","TBA",0.251757527871337
"1603","100572","NYN",-0.0661542823045529
"1604","100574","MIN",-0.654829116626503
"1605","100576","CHN",-0.044396864183264
"1606","100577","NYN",-0.144502987133611
"1607","100591","CLE",0.837661726049574
"1608","100595","COL",0.399371697333124
"1609","100595","COL",1.21549140934177
"1610","100595","COL",-3.19206416485219
"1611","100605","CHA",-0.0175101358996168
"1612","100606","TOR",-0.138003475043817
"1613","100612","SDN",0.325108352809349
"1614","100613","DET",-0.425182392609768
"1615","100628","KCA",-0.0594558566169372
"1616","100628","KCA",1.0415105846931
"1617","100628","KCA",0.250219995129398
"1618","100630","MIL",-0.0350945614993687
"1619","100630","MIL",0.240217293047937
"1620","100631","MIN",13.4509700978293
"1621","100634","MIA",5.39450963972032
"1622","100634","MIA",0.281835457762956
"1623","100653","NYN",0.284218177177072
"1624","100659","ANA",-0.140068059802104
"1625","100659","TBA",-0.0157278337419327
"1626","100661","TEX",-0.297247174545175
"1627","100661","TEX",-0.138686694731772
"1628","100663","CLE",-0.525429153656858
"1629","100663","CLE",0.0428222672005432
"1630","100663","CLE",0.118773520127324
"1631","100666","TBA",4.91529123246226
"1632","100666","TBA",-1.17837849263176
"1633","100666","TBA",-0.58972890443202
"1634","100666","TBA",-0.00140626311665563
"1635","100668","OAK",13.031459030037
"1636","100671","MIA",0.179683656186384
"1637","100671","MIA",-2.63586477084453
"1638","100671","MIA",0.492323971750866
"1639","100686","DET",-0.180979968285839
"1640","100718","CIN",-0.247232614733816
"1641","100720","COL",-0.286357527492126
"1642","100727","KCA",-0.229650298014823
"1643","100736","TBA",-1.36495471980702
"1644","100736","TBA",-0.101764788387181
"1645","100748","SLN",0.00187883864745451
"1646","100748","SLN",-0.68772587378568
"1647","100748","SLN",1.32957691681851
"1648","100748","SLN",-0.23285681558737
"1649","100748","SLN",-0.158580515044092
"1650","100748","SLN",-0.0170423423664653
"1651","100909","CLE",-0.560770703525465
"1652","100945","CIN",4.47061196414183
"1653","100946","CIN",-0.0456107999199828
"1654","100959","DET",0.0939848846767967
"1655","100988","SDN",-1.82024780606852
"1656","101008","PHI",0.57648861975965
"1657","101023","PIT",-0.171773733919865
"1658","101023","PIT",0.24043999278631
"1659","101023","PIT",0.0680181770431494
"1660","101023","PIT",-1.31685102240361
"1661","101023","PIT",-0.139182178407625
"1662","101023","PIT",-1.35040435207662
"1663","101060","COL",2.44972876440124
"1664","101074","NYA",0.230593038462538
"1665","101077","ATL",-0.00300654359002296
"1666","101077","ATL",0.447834831709605
"1667","101077","ATL",-0.718144556609262
"1668","101077","ATL",-0.606897250314558
"1669","101077","ATL",1.24013666208187
"1670","101077","ATL",-0.726529936767359
"1671","101093","DET",1.08480654138174
"1672","101093","DET",-1.30604211469425
"1673","101093","DET",0.576753980230617
"1674","101105","MIA",0.387867345862739
"1675","101170","SDN",-0.104232866723541
"1676","101176","CHA",-0.709560587851373
"1677","101176","TOR",-0.00974101836842256
"1678","101178","DET",0.0892781945347143
"1679","101187","DET",-0.0121803182641689
"1680","101190","COL",-0.33806868626752
"1681","101198","TEX",-0.0167066746661384
"1682","101200","TEX",-0.0640300886639959
"1683","101222","MIN",-0.0375208424817726
"1684","101231","NYN",-0.332099693985488
"1685","101249","NYN",-0.072818421964027
"1686","101250","MIA",-0.050396077786934
"1687","101260","SDN",0.0735560103101002
"1688","101260","SDN",0.195568720019553
"1689","101260","SDN",-0.025557412759379
"1690","101264","COL",0.41499865681569
"1691","101281","CLE",-0.0575709409128831
"1692","101281","CLE",-0.106036186404306
"1693","101281","TBA",0.0482247174249869
"1694","101281","TBA",0.0408081294275245
"1695","101281","TBA",-0.00352650198060937
"1696","101289","SFN",0.0381399868832707
"1697","101289","SFN",-0.0506947483081112
"1698","101384","MIL",0.497331918632653
"1699","101408","NYN",-0.116903581597348
"1700","101433","NYA",-0.0244122445003007
"1701","101433","OAK",0.152379174679906
"1702","101433","TOR",-0.00127370899501368
"1703","101438","SEA",-0.0350123192599361
"1704","101448","PHI",0.0763494531496853
"1705","101452","KCA",0.50600731769187
"1706","101479","CHN",1.66017239220888
"1707","101479","CHN",-1.71907649467882
"1708","101479","CHN",-0.0961407644907396
"1709","101479","CHN",0.00414454331331914
"1710","101514","MIA",10.9902398243349
"1711","101514","MIA",4.50259882271514
"1712","101514","MIA",0.205062462738839
"1713","101568","BAL",7.51974390904099
"1714","101568","BAL",4.35228784565087
"1715","101568","BAL",-3.40007390824801
"1716","101582","PHI",0.83308888437749
"1717","101601","BOS",-0.371239519645431
"1718","101601","BOS",-0.0171421158471417
"1719","101601","BOS",-0.00161206690407805
"1720","101603","NYN",8.8048967736122
"1721","101604","TBA",0.0283837909653296
"1722","101604","TBA",-0.36297581970151
"1723","101605","TOR",-0.0734847650105507
"1724","101605","TOR",-1.31811529053281
"1725","101605","TOR",0.116341229259953
"1726","101605","TOR",-0.598396945504577
"1727","101609","TBA",-0.0181712089931168
"1728","101614","NYN",-4.04482589943332
"1729","101614","NYN",10.6329161236958
"1730","101618","PIT",-6.62306766823963
"1731","101621","TEX",-0.503344378691389
"1732","101630","TOR",-0.298719835236477
"1733","101631","COL",-0.124233032406593
"1734","101652","CIN",0.264306326969904
"1735","101652","CLE",-0.419963427436893
"1736","101657","KCA",-3.05432665549074
"1737","101658","CLE",-0.0840344692332453
"1738","101725","KCA",0.0525347199144302
"1739","101725","KCA",-0.0041559840855206
"1740","101725","KCA",1.20679438812318
"1741","101728","CHA",-0.813916663460444
"1742","101991","BAL",0.295276025381316
"1743","101991","SFN",-0.146927199052725
"1744","101992","LAN",-0.202143023433516
"1745","101993","BAL",0.0872079072709009
"1746","101996","TOR",0.0667814117549685
"1747","101996","TOR",-0.628361046565763
"1748","101996","TOR",-0.115754649107339
"1749","101996","TOR",-0.436747436917449
"1750","101996","TOR",0.0145624576047469
"1751","102005","CHA",-11.418888964734
"1752","102011","DET",0.985770643556377
"1753","102030","ARI",0.440636737096618
"1754","102032","TBA",-0.0307548643489523
"1755","102034","SEA",0.066898135758673
"1756","102034","SEA",-3.57121339318705
"1757","102040","PIT",-0.135300735937469
"1758","102040","PIT",0.255220947563064
"1759","102040","PIT",-17.6181915329872
"1760","102040","PIT",-0.103150691808175
"1761","102043","SEA",-0.00880287404270268
"1762","102044","MIA",-0.573379705919708
"1763","102049","MIL",0.189714940468606
"1764","102051","SLN",-0.348328029480297
"1765","102061","PHI",-1.5259854996856
"1766","102064","CHN",0.0838636165903646
"1767","102064","CHN",-0.462360567908042
"1768","102064","CHN",-1.67881340804642
"1769","102064","CHN",0.0167342283165859
"1770","102075","TEX",-0.00792192231459762
"1771","102080","HOU",0.0222429860894585
"1772","102080","HOU",-0.00321417241144233
"1773","102080","HOU",-0.49486349389432
"1774","102084","WAS",-0.115100126853189
"1775","102106","OAK",1.31859526884796
"1776","102106","OAK",-0.111103243357909
"1777","102110","SDN",0.0976084463497684
"1778","102118","PHI",-0.0280293027230748
"1779","102123","SLN",-0.0290899834485583
"1780","102124","CLE",0.132730117303283
"1781","102124","TBA",-0.71630558692539
"1782","102136","LAN",-0.0580024712942748
"1783","102138","NYA",-0.0845162077400755
"1784","102149","CLE",-0.295254444769224
"1785","102187","TOR",-1.52583690594371
"1786","102199","OAK",-0.0365970161434922
"1787","102199","PIT",0.149848744639764
"1788","102202","SLN",-0.0798245185952438
"1789","102223","MIN",-0.302147905302478
"1790","102254","LAN",2.26169150612025
"1791","102267","TBA",0.541174130944338
"1792","102267","TBA",3.15460860554761
"1793","102267","TBA",0.0638076265119936
"1794","102282","PIT",-1.14218013346839
"1795","102282","PIT",-0.321471145578749
"1796","102294","CIN",0.113124151837137
"1797","102336","TBA",-0.33373196169399
"1798","102427","CIN",-3.30159173142302
"1799","102427","CIN",2.76440328939455
"1800","102427","CIN",-0.259484529424672
"1801","102429","NYA",-1.13891631372991
"1802","102429","NYA",-3.05271444808926
"1803","102432","TBA",2.16589456889732
"1804","102432","TBA",0.0780466888834832
"1805","102432","TBA",-3.19674698431648
"1806","102433","CLE",-1.20218884824101
"1807","102433","CLE",6.67925519783792
"1808","102433","CLE",-0.549464382980672
"1809","102435","DET",-0.00242430198307906
"1810","102435","DET",-0.246573008130923
"1811","102435","DET",-0.351956426105016
"1812","102435","DET",-0.0773328491876869
"1813","102436","OAK",0.107694869471391
"1814","102436","OAK",-2.22377157034518
"1815","102436","OAK",0.304210366890486
"1816","102436","OAK",0.032809952246643
"1817","102436","OAK",4.50510451659984
"1818","102436","OAK",0.131958443788954
"1819","102436","OAK",0.773072445760167
"1820","102438","MIN",0.0121650464324688
"1821","102443","CHN",0.00340686105435273
"1822","102489","ATL",-0.0291210141756374
"1823","102489","COL",0.500367219033482
"1824","102491","MIA",-0.334010113478165
"1825","102503","CHA",3.01424949651265
"1826","102512","NYN",-0.464250437985102
"1827","102514","CLE",-1.75831189216126
"1828","102514","CLE",0.279902440117617
"1829","102519","LAN",2.12859753149645
"1830","102519","LAN",0.971960778325073
"1831","102519","LAN",7.87916206948839
"1832","102546","ATL",-0.173714965057848
"1833","102553","CHA",0.0951945628390962
"1834","102553","CHA",2.68327168884903
"1835","102553","CHA",1.20707900291984
"1836","102555","NYA",0.0759309403590539
"1837","102559","SEA",10.5546649540272
"1838","102564","TOR",0.0868307184314999
"1839","102564","TOR",-2.21582878184475
"1840","102564","TOR",-0.0179101333819888
"1841","102566","DET",3.70187809947181
"1842","102572","DET",-0.0129543761475615
"1843","102572","DET",-4.66027240344027
"1844","102572","DET",0.0917059438156843
"1845","102572","DET",0.200472731970779
"1846","102572","DET",0.224250309672887
"1847","102572","DET",-0.0164292745223259
"1848","102572","DET",-0.0271089941543114
"1849","102574","KCA",-1.11053572814863
"1850","102574","KCA",-0.622010306886595
"1851","102574","KCA",0.578183258748574
"1852","102578","CHA",3.24216944781174
"1853","102593","MIN",1.90093866421385
"1854","102593","MIN",-0.00766717952326184
"1855","102601","SFN",0.300296389596349
"1856","102606","NYN",-0.158829886812511
"1857","102606","NYN",-0.0419001602226702
"1858","102606","NYN",-0.12178433786322
"1859","102614","ANA",0.676020561067478
"1860","102614","ANA",0.0675776247177773
"1861","102614","ANA",0.0638530822621964
"1862","102625","DET",-0.906801230358659
"1863","102632","KCA",-1.03003221395551
"1864","102634","MIA",0.15297173013826
"1865","102644","MIN",-0.347008634094527
"1866","102646","ARI",2.9521297121224
"1867","102646","ARI",-2.34545331588618
"1868","102646","ARI",1.53218924758216
"1869","102652","CIN",0.0594109406228048
"1870","102653","BAL",0.0602932289397582
"1871","102653","BAL",0.0603682768229624
"1872","102653","BAL",-3.74365822427735
"1873","102657","PIT",0.380668096429053
"1874","102657","PIT",0.300963754222454
"1875","102658","TOR",0.576552268382661
"1876","102659","KCA",2.66978709983945
"1877","102664","WAS",-0.364031651850318
"1878","102667","TOR",0.121414352888282
"1879","102667","TOR",-3.47271927054549
"1880","102667","TOR",0.440175013030527
"1881","102668","COL",-0.886983922858344
"1882","102668","COL",7.86922998256826
"1883","102668","COL",-0.748917750735468
"1884","102675","ANA",-0.0902822644341409
"1885","102680","MIN",0.289151085749315
"1886","102680","MIN",0.306645786805179
"1887","102680","MIN",0.432989313911678
"1888","102700","MIL",-0.00969709633130269
"1889","102700","MIL",-0.00222249836749684
"1890","102704","SLN",-3.50089345924303
"1891","102704","SLN",-0.240142904082746
"1892","102704","SLN",0.0527361158334867
"1893","102705","TBA",-0.321223303521966
"1894","102719","CIN",-0.0788670908121136
"1895","102722","NYN",0.158376642225096
"1896","102739","ARI",0.105294866196508
"1897","102743","BAL",0.127410750690173
"1898","102743","BAL",-0.00280766972744472
"1899","102744","TBA",-0.0357739934067549
"1900","102745","NYN",-0.0842683734174576
"1901","102745","NYN",1.40991508833204
"1902","102745","NYN",-0.0500820282073409
"1903","102750","KCA",1.01516920541206
"1904","102751","KCA",0.157301712941297
"1905","102757","TBA",0.0321818613566783
"1906","102764","TOR",2.38035680045656
"1907","102770","OAK",-1.02112347322313
"1908","102775","COL",0.0473743248626619
"1909","102775","COL",-0.0214511735198059
"1910","102775","COL",0.0930559890997154
"1911","102775","COL",0.0673210383121525
"1912","102777","CIN",0.941527072549582
"1913","102777","CIN",0.483119918305098
"1914","102777","CIN",-0.134667395370106
"1915","102777","CIN",2.10813807677718
"1916","102777","CIN",-0.0321993527595923
"1917","102779","NYA",2.49371518645332
"1918","102779","NYA",-0.234323449364748
"1919","102779","NYA",-0.11150285652863
"1920","102779","NYA",-0.230411911737547
"1921","102779","NYA",-0.0181964123648246
"1922","102779","NYA",-0.0214037989688303
"1923","102785","MIL",-0.32989457866271
"1924","102790","ANA",0.0450600978924188
"1925","102790","TBA",0.0263350600497632
"1926","102790","TBA",-0.134358305733695
"1927","102793","BAL",0.257677041055883
"1928","102794","SDN",0.211534363486503
"1929","102864","SDN",0.978393613902727
"1930","102864","SDN",-0.0826191212296269
"1931","102921","DET",0.139373313184515
"1932","102940","MIA",-0.0917962277991846
"1933","102940","MIA",0.026545366088725
"1934","103038","NYA",-0.0445948782737505
"1935","103054","ANA",-1.69278540808684
"1936","103055","TEX",-0.276575231675882
"1937","103056","MIL",-1.14092645582911
"1938","103066","TEX",-2.8750739683542
"1939","103085","ANA",0.106631134683572
"1940","103111","PIT",-0.876897669610366
"1941","103196","LAN",-0.0575948830771924
"1942","103203","NYN",-8.82184898069862
"1943","103203","NYN",0.0195656787034578
"1944","103209","TBA",15.0174222073939
"1945","103215","KCA",0.37650759141032
"1946","103225","NYA",-1.56464661933876
"1947","103225","NYA",0.00498630751975366
"1948","103225","NYA",-0.104882991566392
"1949","103225","NYA",0.014484749477032
"1950","103230","ARI",0.456548810451436
"1951","103230","ARI",-0.0155256999688735
"1952","103230","ARI",0.116761493432143
"1953","103260","SDN",0.225153171115899
"1954","103280","BAL",0.367932751101778
"1955","103318","PIT",2.04138118558728
"1956","103333","CLE",1.6111329418906
"1957","103340","MIA",-1.55086179533489
"1958","103340","MIA",2.18128603742777
"1959","103346","TBA",0.0232879902019264
"1960","103346","TBA",-0.0797197545595973
"1961","103355","MIL",-0.00420716133362248
"1962","103355","SFN",2.38533015352782
"1963","103355","SFN",0.27416284574052
"1964","103372","BAL",-1.11599200690338
"1965","103391","MIL",0.0590589819657576
"1966","103391","NYN",-0.00764024095054828
"1967","103405","TOR",-1.38560405872482
"1968","103417","CHN",0.80830965270265
"1969","103417","CHN",0.779681868566702
"1970","103417","CHN",0.0188912056932835
"1971","103417","CHN",0.248581262562937
"1972","103417","HOU",0.49512856694706
"1973","103417","HOU",0.632631220988842
"1974","103417","HOU",0.83874643196323
"1975","103420","TEX",0.293291292957387
"1976","103420","TEX",2.38563814990327
"1977","103432","SEA",0.0110234053730509
"1978","103432","SEA",-0.122509540250165
"1979","103432","SEA",-0.37559209404274
"1980","103451","NYN",-4.27528734758088
"1981","103451","NYN",-0.195030954106946
"1982","103451","NYN",-6.18647018090446
"1983","103451","NYN",-4.23891773323303
"1984","103472","TEX",0.112424007934198
"1985","103484","TBA",0.0737167541624055
"1986","103494","SFN",0.468988332638524
"1987","103500","KCA",-0.451782431338627
"1988","103523","NYA",4.27269642925018
"1989","103523","NYA",0.281631809395002
"1990","103523","NYA",0.865144935461525
"1991","103546","HOU",-0.0392201762418935
"1992","103546","HOU",-1.33551874630221
"1993","103546","LAN",-0.432788824251255
"1994","103556","DET",0.0586685845314764
"1995","103580","PHI",-0.0163337397149315
"1996","103695","NYA",0.0875490339045309
"1997","103695","NYA",-0.761777360166206
"1998","103721","OAK",-0.106043369151018
"1999","103726","TBA",-0.12429714489642
"2000","103726","TBA",-1.0875807714575
"2001","103737","CHA",-0.312596352383118
"2002","103738","SDN",0.0219213598446142
"2003","103743","TOR",0.404422695723878
"2004","103745","CLE",-0.0346624196280202
"2005","103751","CHN",-0.000865427120047496
"2006","103751","CHN",0.631558266235851
"2007","103786","TOR",-0.684820661886521
"2008","103794","ANA",-0.802136202932428
"2009","103801","BAL",-1.50591612118761
"2010","103808","TOR",0.106484725535768
"2011","103809","DET",-0.227453516435813
"2012","103812","DET",-1.24995125776708
"2013","103818","TEX",0.212274472850968
"2014","103857","CHN",-0.050627737610251
"2015","103857","SDN",-0.40787760796706
"2016","103868","WAS",-0.00910833470114294
"2017","103870","SEA",-0.171703202094657
"2018","103886","KCA",0.260764444253468
"2019","103928","BAL",0.0729205968142825
"2020","103929","TBA",-0.685552332980814
"2021","103953","COL",-0.101649412452503
"2022","103953","NYA",0.042584602389742
"2023","103972","KCA",-0.547044219797259
"2024","103972","KCA",-0.173668587469405
"2025","103972","KCA",-1.16165558119783
"2026","103974","COL",0.0460388834521328
"2027","103985","CLE",0.10589332480357
"2028","103985","CLE",-0.217298462796748
"2029","104002","MIA",-0.0937349536781179
"2030","104004","ATL",-3.50415334684564
"2031","104023","WAS",1.97555280104452
"2032","104023","WAS",1.80808105517084
"2033","104042","BOS",7.13799547057664
"2034","104042","BOS",-0.00790635490386353
"2035","104096","SDN",-1.82400657669362
"2036","104096","SDN",-0.0128854781765522
"2037","104096","SDN",-4.68700673271072
"2038","104123","MIN",-4.50763701115055
"2039","104123","MIN",-0.625741715282827
"2040","104123","MIN",0.123040612796394
"2041","104123","MIN",0.475923714637139
"2042","104168","BOS",0.493759080249318
"2043","104176","CHA",-1.67970752027131
"2044","104180","NYA",-1.67782496294346
"2045","104180","NYA",-1.38585974341397
"2046","104205","DET",-0.294042307709664
"2047","104258","HOU",0.225480205457069
"2048","104290","KCA",0.25211684911257
"2049","104324","MIA",-0.0161551111713816
"2050","104375","NYA",-0.00957444336652174
"2051","104406","PIT",0.147350823474163
"2052","104450","ANA",-0.539445792958832
"2053","104450","ANA",1.26938721530879
"2054","104481","SLN",0.240597824539089
"2055","104483","TBA",-0.266311260740428
"2056","104718","CLE",4.46344584120484
"2057","104718","CLE",-1.6674388504008
"2058","104718","CLE",-0.886276423050182
"2059","104719","SEA",0.520825469538539
"2060","104735","MIA",0.0401216621696509
"2061","104739","TEX",0.455715063923613
"2062","104744","OAK",14.8995588981988
"2063","104745","BOS",1.62309132066872
"2064","104745","BOS",-1.10670783459129
"2065","104745","BOS",-0.298710279775287
"2066","104750","SFN",0.396596533260509
"2067","104760","PHI",0.138558590003413
"2068","104766","MIA",-0.628596980094009
"2069","104779","SLN",3.31105211201759
"2070","104803","NYA",-0.00913714259738382
"2071","104806","PHI",5.2805888440226
"2072","104814","ATL",0.104518219447566
"2073","104816","PIT",-1.21055864767403
"2074","104833","CLE",0.986400118280803
"2075","104833","CLE",0.120541032087041
"2076","104833","CLE",0.263459016411067
"2077","104839","TEX",-0.511101179643278
"2078","104845","PIT",-0.179143202368429
"2079","104855","NYA",-0.052517831323408
"2080","104863","ATL",-0.171928185642126
"2081","104864","CHN",-0.124365769561412
"2082","104869","KCA",-7.40543786345894
"2083","104869","KCA",-0.0157152174782285
"2084","104899","BAL",-0.184648271347635
"2085","104902","SEA",0.406804363424957
"2086","104921","SEA",-0.658056077626931
"2087","104926","SLN",-0.0245562967493963
"2088","104926","SLN",0.385360629324666
"2089","104926","SLN",0.0587103398810647
"2090","104930","ATL",-0.295247735721948
"2091","104934","PIT",-1.8884506866618
"2092","104938","LAN",-0.749680135219142
"2093","104938","LAN",-1.14677337820175
"2094","104938","LAN",2.3872869058748
"2095","104945","ATL",-0.479635545350237
"2096","104950","WAS",-0.0061243524464351
"2097","104960","MIA",0.424892925010207
"2098","104961","CHN",-0.00809881908762171
"2099","104961","CHN",-0.463441139592137
"2100","104985","ANA",-0.417538319236115
"2101","105007","SFN",0.866482757653201
"2102","105026","CIN",-0.0205416058006987
"2103","105026","CIN",-0.0655910116672734
"2104","105026","CIN",0.982095227736447
"2105","105088","PIT",-0.140651189371985
"2106","105101","DET",-0.322245934263615
"2107","105121","MIN",0.0675883044924192
"2108","105123","KCA",0.325020466853602
"2109","105129","HOU",0.0333985785598935
"2110","105147","OAK",1.22464966492457
"2111","105147","OAK",2.59789510843582
"2112","105219","TEX",-0.112505169740526
"2113","105256","COL",-0.191709305838641
"2114","105256","COL",-0.0168978072906887
"2115","105304","PHI",-0.482019574279863
"2116","105329","SLN",-0.148461481962957
"2117","105362","MIL",-0.138810405517586
"2118","105384","OAK",-0.43078710132961
"2119","105394","TBA",0.981872758686597
"2120","105400","BOS",-0.451296194379303
"2121","105417","SDN",-0.688611469296515
"2122","105424","BAL",-0.0254738394288586
"2123","105425","COL",0.817935528460247
"2124","105432","CHA",5.98728090205429
"2125","105433","TEX",-0.113352391151215
"2126","105434","ARI",-0.282458213916198
"2127","105437","CHN",-0.243370678275603
"2128","105437","CHN",-0.545107124484451
"2129","105437","CHN",0.573811485792161
"2130","105437","CHN",0.0406906577756825
"2131","105437","CHN",0.967751301494642
"2132","105437","CHN",0.0697720750435071
"2133","105439","BAL",2.61734116956974
"2134","105440","BAL",-0.991455370844546
"2135","105440","BAL",-1.03344147564663
"2136","105454","ATL",3.08450878007242
"2137","105454","ATL",-3.57546937040813
"2138","105454","ATL",-1.45658675867954
"2139","105455","NYA",-0.0915646554275833
"2140","105466","MIN",-0.011722589177347
"2141","105472","DET",-0.788503892551054
"2142","105476","SDN",0.415652530995576
"2143","105476","SDN",0.0208867938587644
"2144","105477","CLE",-0.0173724656450468
"2145","105477","SDN",0.937121737506284
"2146","105494","OAK",-0.0496382814749643
"2147","105517","HOU",-0.157535170011297
"2148","105525","SDN",-0.0687891966503422
"2149","105531","SLN",6.2549735931652
"2150","105574","BOS",-16.2794741586473
"2151","105574","BOS",-0.995777300698009
"2152","105578","SFN",-0.109242466743927
"2153","105591","SEA",0.402125575086629
"2154","105591","SEA",-0.268660563319886
"2155","105591","SEA",-0.0296268328559034
"2156","105603","OAK",0.243058481674755
"2157","105603","OAK",0.0977351498767083
"2158","105633","OAK",0.0471784680186248
"2159","105633","OAK",-1.36424908036516
"2160","105642","CHA",0.251303500012605
"2161","105665","TEX",-4.79133622250224
"2162","105703","CHA",0.0177433213773671
"2163","105735","MIL",-1.05958630646083
"2164","105735","MIL",-0.903850193743647
"2165","105735","MIL",0.942811367025435
"2166","105736","ARI",-1.28823374455542
"2167","105737","TEX",-0.584885358356037
"2168","105831","PHI",-0.195557650091199
"2169","105846","SLN",9.81222385481841
"2170","105866","TOR",0.064580738807436
"2171","105869","KCA",-0.245106912144827
"2172","105891","SFN",2.20651913154562
"2173","105891","SFN",-1.77657739618804
"2174","105933","TBA",-0.319282457649166
"2175","105933","TEX",-0.0631340524021044
"2176","105950","LAN",1.50087632044609
"2177","105978","ANA",1.50889074455108
"2178","105978","ANA",7.1895830261519
"2179","105978","ANA",-0.329524747601323
"2180","105978","ANA",2.84507684723321
"2181","105978","ANA",-0.0119654068296717
"2182","105993","SDN",0.0745556250797605
"2183","105993","SDN",-0.00254609273955307
"2184","105993","SDN",1.32316513179563
"2185","105993","SDN",1.13736748945068
"2186","106026","LAN",0.799504011549127
"2187","106026","LAN",0.0655996329173851
"2188","106036","TBA",-0.0126419912836255
"2189","106036","TEX",-0.180098765810822
"2190","106074","MIN",0.225628050867124
"2191","106081","SEA",-0.126865779472334
"2192","106102","NYN",-0.00883937017990709
"2193","106102","NYN",-0.0375684559025851
"2194","106105","DET",-0.230656624418013
"2195","106125","TEX",-0.00852687159039261
"2196","106129","SLN",-0.0738465719296321
"2197","106140","CIN",-0.0932781128280713
"2198","106145","HOU",-0.337997617210522
"2199","106165","COL",-0.302243814368553
"2200","106165","COL",1.39742482430499
"2201","106165","COL",0.458898943316495
"2202","106191","BAL",-0.00295665732773584
"2203","106191","BAL",0.0634568395554166
"2204","106208","SFN",0.124714365099526
"2205","106241","MIA",-0.101849262442718
"2206","106243","BOS",0.0657411078606568
"2207","106259","PHI",0.0618344233482891
"2208","106259","PHI",3.47502031530317
"2209","106259","PHI",1.19854749267982
"2210","106259","PHI",0.150748742028401
"2211","106259","PHI",-1.6260194244523
"2212","106259","PHI",-0.00940907444071657
"2213","106280","COL",0.640899441765639
"2214","106386","BAL",-2.83190725687142
"2215","106414","CLE",-0.15020856649411
"2216","106414","SDN",-0.303095235096532
"2217","106466","CHA",0.290773637858572
"2218","106466","CHA",0.228121083841003
"2219","106466","CHA",-0.0195598036928012
"2220","106502","SEA",-0.0578618683384553
"2221","106503","SEA",-0.0246681347793168
"2222","106503","SEA",-0.00508896656561303
"2223","106503","SEA",1.50330823473209
"2224","106503","SEA",-0.318140987084193
"2225","106503","SEA",1.91478094742893
"2226","106503","SEA",2.99288663664159
"2227","106503","SEA",0.0453170310502864
"2228","106503","SEA",-0.70220359730924
"2229","106548","SDN",-1.69155365989401
"2230","106548","SDN",-3.56357801257448
"2231","106558","PIT",0.700979467147731
"2232","106558","PIT",0.358267650637703
"2233","106558","PIT",-1.39575735604579
"2234","106558","PIT",0.0580361158205805
"2235","106610","SDN",1.35825374868104
"2236","106667","BAL",-0.400305181641723
"2237","106701","BOS",-0.156226345955346
"2238","106709","WAS",0.302886134889007
"2239","106744","ATL",-0.20776551676101
"2240","106744","ATL",-0.0578908142489349
"2241","106744","ATL",-1.70167693402457
"2242","106744","ATL",-0.14774401695353
"2243","106745","LAN",-0.415689678029672
"2244","106745","LAN",-0.179194180446318
"2245","106745","LAN",-0.00957886391584717
"2246","106765","COL",1.51225078118778
"2247","106765","COL",-0.873858355824927
"2248","106791","BAL",-0.277663591941243
"2249","106871","LAN",-0.139954990795151
"2250","106898","SFN",-0.0564398068154702
"2251","106932","ATL",-0.521127332651637
"2252","106940","ATL",2.78433519657814
"2253","106950","TEX",-0.344597793643329
"2254","106954","MIN",0.0913530365204847
"2255","106956","KCA",0.139080934305404
"2256","106961","WAS",-0.634744656597409
"2257","106962","DET",-9.10174409841432
"2258","106969","HOU",0.218735195588852
"2259","106969","HOU",1.93620644005211
"2260","106969","HOU",0.686177496836075
"2261","106969","HOU",-0.291779575102716
"2262","106969","HOU",0.00110399073766464
"2263","106973","HOU",-0.145857583826585
"2264","106973","HOU",0.175306158283697
"2265","106973","HOU",-0.0101490105258275
"2266","106975","ANA",-0.666527178500187
"2267","106989","BAL",0.0285677371918054
"2268","107018","TOR",-2.66774614270001
"2269","107047","HOU",0.0581740587542729
"2270","107047","HOU",0.154835496778483
"2271","107047","HOU",1.42739898945533
"2272","107058","HOU",1.19103531533092
"2273","107095","MIN",-0.0567653687922353
"2274","107095","MIN",-0.0582153348299889
"2275","107095","MIN",-1.0677642362783
"2276","107095","MIN",-0.39392751614479
"2277","107097","TOR",-0.496611099853766
"2278","107102","ANA",0.217060935050956
"2279","107102","ANA",1.38445575718638
"2280","107106","ANA",-0.462962435204132
"2281","107106","ANA",0.689246122636434
"2282","107135","SDN",-0.378612431296227
"2283","107151","ATL",0.0874241376610461
"2284","107158","NYN",-0.1607944289593
"2285","107161","CHA",0.0735832252825741
"2286","107168","ATL",2.80387571791214
"2287","107169","ARI",-0.965778411647889
"2288","107170","TEX",-1.63678605366812
"2289","107173","BAL",-0.397127485996473
"2290","107174","LAN",0.208346047633163
"2291","107182","WAS",6.42317722122474
"2292","107184","TOR",-3.56547550642325
"2293","107196","MIA",0.668031801245292
"2294","107196","TBA",-0.213428443156004
"2295","107232","BOS",-0.38070652059028
"2296","107254","ANA",-0.0330441522527603
"2297","107264","SEA",-0.0533430160215864
"2298","107277","TEX",-0.311981987918572
"2299","107281","TEX",-0.145810866241135
"2300","107281","TEX",-0.0305031484839876
"2301","107281","TEX",-0.381469114243668
"2302","107281","TEX",-0.40108057730397
"2303","107284","TBA",-0.472694913429472
"2304","107284","TBA",3.28891641164559
"2305","107284","TBA",-0.177899665441534
"2306","107284","TBA",-0.400524415080739
"2307","107452","WAS",-0.00072181011493455
"2308","107467","SDN",-0.0510397446530222
"2309","107491","TOR",2.95964531294107
"2310","107538","TBA",0.0752384406690406
"2311","107538","TBA",-0.00312096593935348
"2312","107538","TBA",0.0229189771737601
"2313","107538","TBA",-1.07032448802274
"2314","107538","TBA",0.0311476673057253
"2315","107538","TBA",0.0204824227131374
"2316","107554","MIL",1.5533419473914
"2317","107636","CLE",-0.27131713877228
"2318","107646","CHA",-0.245111837723036
"2319","107646","CHA",-0.0609986223176358
"2320","107692","SFN",0.0714997092483132
"2321","107726","COL",-0.101381860702905
"2322","107737","SEA",0.0839563426734909
"2323","107738","ARI",-0.755499092809586
"2324","107752","SLN",1.36352873550463
"2325","107752","SLN",-0.368532662654608
"2326","107752","SLN",-0.00434351356019055
"2327","107752","SLN",-0.00199079289044558
"2328","107752","SLN",0.392488974008074
"2329","107792","SEA",0.167584735887028
"2330","107811","SEA",-1.0684225572705
"2331","107811","SEA",0.0396666859822592
"2332","107838","COL",-0.126669930416297
"2333","107865","LAN",0.0306879046692935
"2334","107919","PHI",0.106117407046118
"2335","107920","COL",-0.620585330101556
"2336","107920","COL",-1.31972598986603
"2337","107920","COL",-0.0316285205155615
"2338","107920","COL",0.141021599336155
"2339","107925","PIT",0.411999747550671
"2340","107930","BAL",2.8816313848582
"2341","107962","SLN",0.164923835903489
"2342","108051","WAS",-0.972675464714841
"2343","108053","NYA",-0.0231950863680349
"2344","108059","SLN",-0.153854816483816
"2345","108059","SLN",-0.014698224300002
"2346","108097","SEA",0.161063552991278
"2347","108097","SEA",0.669043866930576
"2348","108112","KCA",2.79754329941551
"2349","108112","KCA",1.06002937910056
"2350","108116","KCA",-0.140523147212608
"2351","108119","TBA",0.579285945355442
"2352","108119","TBA",-0.192151019820512
"2353","108123","SDN",-0.200456717595012
"2354","108127","LAN",-0.774107217988208
"2355","108173","PIT",0.0825754929273429
"2356","108191","SEA",-0.386869178399066
"2357","108197","DET",0.00647984224827244
"2358","108197","SEA",-0.0886537673426391
"2359","108223","SFN",-0.275782905047352
"2360","108235","ATL",0.356319683329321
"2361","108274","SDN",-0.170874788466774
"2362","108278","OAK",-0.324228625759714
"2363","108291","OAK",-1.67642023012368
"2364","108291","OAK",0.700400184519741
"2365","108296","NYN",-0.119028634098671
"2366","108300","WAS",0.00619888582389776
"2367","108300","WAS",-0.0657297812835418
"2368","108406","TBA",-0.438233228378189
"2369","108416","MIN",-0.109760948469669
"2370","108430","SDN",-2.17257519076297
"2371","108507","DET",-0.710702514641716
"2372","108561","DET",-0.169940135251832
"2373","108571","CIN",0.0129175992080018
"2374","108571","CIN",-6.18179701976681
"2375","108612","LAN",1.4241062576027
"2376","108615","TEX",-0.516812783521241
"2377","108615","TEX",-1.07040932110034
"2378","108651","SDN",3.31461927530879
"2379","108661","ANA",1.14185274630623
"2380","108661","ANA",-2.47735298022464
"2381","108744","ATL",0.0230861089697072
"2382","108830","CLE",-2.54965154646103
"2383","108872","MIA",-0.442288308575298
"2384","108886","ARI",-0.703237939591577
"2385","108886","MIA",0.133464444804397
"2386","108888","DET",-0.0936086015867699
"2387","108893","ARI",-0.113883348899455
"2388","108931","SLN",2.17173606018231
"2389","108934","PHI",-0.301528149613579
"2390","108954","CIN",-0.152810082154132
"2391","108957","SDN",-0.575444140183872
"2392","108971","LAN",0.211718604102651
"2393","109027","OAK",0.034222286272415
"2394","109040","PIT",1.96679768440779
"2395","109040","PIT",-1.30154945948166
"2396","109040","PIT",1.42219891254634
"2397","109041","MIA",-0.112187197757226
"2398","109041","TBA",0.17900177689417
"2399","109073","MIN",-1.20750919339251
"2400","109090","HOU",0.0159553332158159
"2401","109090","HOU",-0.110002002930084
"2402","109101","SEA",-0.000658478045897074
"2403","109101","SEA",-0.835808625889972
"2404","109108","ATL",0.182688725638569
"2405","109116","TOR",0.245000473561612
"2406","109125","SDN",0.224064205048136
"2407","109127","TOR",0.156473912541041
"2408","109130","HOU",0.034534732513387
"2409","109135","OAK",0.0519294516354664
"2410","109138","TOR",-0.0925862169891523
"2411","109138","TOR",-1.01503563490335
"2412","109138","TOR",-7.41402068342533
"2413","109147","HOU",-0.470876173801947
"2414","109158","BOS",-0.302904011066904
"2415","109159","SFN",0.535355577192039
"2416","109161","SLN",-0.0417950516999868
"2417","109161","SLN",-0.0812491181990087
"2418","109161","SLN",0.154504203215392
"2419","109381","SDN",0.114048568040492
"2420","109475","SDN",-0.444681777335881
"2421","109984","PHI",1.78768611457285
"2422","109984","PHI",-3.6201764357205
"2423","109984","PHI",0.281346026684202
"2424","110030","MIL",-4.43154034212159
"2425","110111","CLE",-0.0503610658746184
"2426","110215","TOR",0.0937633436589667
"2427","110247","SDN",-0.605779785392545
"2428","110259","HOU",-0.386294527088052
"2429","110305","TBA",-0.0335488899580118
"2430","110582","CLE",-0.992342310681024
"2431","110699","ARI",-0.0258996725172317
"2432","110699","ARI",1.15019487548303
"2433","110699","ARI",-0.372238846607453
"2434","111162","ATL",-0.264028316069085
"2435","111185","MIN",-0.203738000757697
"2436","111294","ANA",1.3262146626821
"2437","123806","CHN",-0.0046102015158745
"2438","123806","CHN",0.778403050360261
"2439","123806","CHN",-0.0122656101810095
"2440","125512","SEA",-2.59641771990987
